person1Ssn,person2Ssn
201-95-1545,999-46-6446
999-46-6446,201-95-1545
379-83-7335,904-84-2781
904-84-2781,379-83-7335
350-38-2408,767-84-2840
767-84-2840,350-38-2408
998-61-5844,342-30-1533
342-30-1533,998-61-5844
154-76-5133,467-24-3796
467-24-3796,154-76-5133
214-16-4729,565-47-2267
565-47-2267,214-16-4729
337-34-1256,284-57-4232
284-57-4232,337-34-1256
969-56-3734,866-39-9142
866-39-9142,969-56-3734
115-56-6692,397-83-1172
397-83-1172,115-56-6692
160-24-8274,148-41-8458
148-41-8458,160-24-8274
564-80-2180,861-68-7046
861-68-7046,564-80-2180
520-38-3978,209-36-2101
209-36-2101,520-38-3978
346-65-3350,717-27-7540
717-27-7540,346-65-3350
428-39-1398,143-15-1131
143-15-1131,428-39-1398
141-20-2824,901-27-4455
901-27-4455,141-20-2824
198-19-3780,809-12-6557
809-12-6557,198-19-3780
523-52-4546,564-83-6384
564-83-6384,523-52-4546
951-33-6716,743-69-7584
743-69-7584,951-33-6716
213-77-9397,472-78-8960
472-78-8960,213-77-9397
195-70-5249,592-11-9429
592-11-9429,195-70-5249
257-24-4717,506-93-7948
506-93-7948,257-24-4717
765-34-6595,552-30-2715
552-30-2715,765-34-6595
744-44-7580,825-54-9190
825-54-9190,744-44-7580
787-69-3532,963-36-8829
963-36-8829,787-69-3532
811-31-5267,710-89-3841
710-89-3841,811-31-5267
525-86-9072,320-54-5288
320-54-5288,525-86-9072
300-31-5755,256-93-6507
256-93-6507,300-31-5755
492-65-8349,362-21-4855
362-21-4855,492-65-8349
248-75-8933,161-63-8938
161-63-8938,248-75-8933
194-33-7365,524-12-2042
524-12-2042,194-33-7365
921-27-4414,258-30-6966
258-30-6966,921-27-4414
384-80-9510,573-94-1273
573-94-1273,384-80-9510
971-18-4842,333-46-9509
333-46-9509,971-18-4842
843-67-4050,924-42-5358
924-42-5358,843-67-4050
581-19-7728,343-74-1766
343-74-1766,581-19-7728
540-76-9373,259-78-5470
259-78-5470,540-76-9373
836-41-2168,413-45-4930
413-45-4930,836-41-2168
464-18-2629,833-34-8156
833-34-8156,464-18-2629
125-70-5680,796-77-7600
796-77-7600,125-70-5680
495-18-1970,577-48-9657
577-48-9657,495-18-1970
207-78-5254,844-70-5162
844-70-5162,207-78-5254
640-47-6315,194-63-5118
194-63-5118,640-47-6315
433-13-7957,274-83-5526
274-83-5526,433-13-7957
235-10-8699,307-20-6836
307-20-6836,235-10-8699
613-48-1665,114-41-5742
114-41-5742,613-48-1665
331-44-9857,403-73-1491
403-73-1491,331-44-9857
275-35-7928,154-77-6585
154-77-6585,275-35-7928
587-11-7903,358-34-9907
358-34-9907,587-11-7903
197-74-8045,831-83-8961
831-83-8961,197-74-8045
209-50-8154,712-30-4053
712-30-4053,209-50-8154
829-29-1746,148-76-6389
148-76-6389,829-29-1746
609-91-7125,484-97-5457
484-97-5457,609-91-7125
461-56-7312,720-58-9607
720-58-9607,461-56-7312
843-37-5697,915-94-8801
915-94-8801,843-37-5697
133-68-2619,346-78-5830
346-78-5830,133-68-2619
322-81-2872,408-53-3538
408-53-3538,322-81-2872
307-40-9441,992-40-6232
992-40-6232,307-40-9441
717-38-3375,952-71-4809
952-71-4809,717-38-3375
500-85-1780,558-79-6801
558-79-6801,500-85-1780
859-88-8585,219-51-7854
219-51-7854,859-88-8585
426-54-7494,960-10-9576
960-10-9576,426-54-7494
434-29-2593,484-91-4631
484-91-4631,434-29-2593
511-80-7631,605-33-1508
605-33-1508,511-80-7631
456-63-8312,659-50-9836
659-50-9836,456-63-8312
319-45-4378,580-27-7638
580-27-7638,319-45-4378
927-87-8205,772-96-5085
772-96-5085,927-87-8205
582-73-3552,401-46-9536
401-46-9536,582-73-3552
148-72-6849,932-71-1537
932-71-1537,148-72-6849
425-98-6367,457-81-3303
457-81-3303,425-98-6367
256-28-5526,691-56-9792
691-56-9792,256-28-5526
145-62-2236,943-67-8277
943-67-8277,145-62-2236
199-11-5417,898-39-9428
898-39-9428,199-11-5417
760-25-6615,347-31-9645
347-31-9645,760-25-6615
403-51-5904,926-30-8055
926-30-8055,403-51-5904
655-31-3306,284-80-3756
284-80-3756,655-31-3306
311-22-3952,427-95-5175
427-95-5175,311-22-3952
844-27-5529,535-32-1357
535-32-1357,844-27-5529
189-27-1047,634-78-6511
634-78-6511,189-27-1047
411-93-1419,941-14-5709
941-14-5709,411-93-1419
789-65-5152,932-71-9205
932-71-9205,789-65-5152
610-14-4184,705-25-1599
705-25-1599,610-14-4184
122-93-4286,601-71-4640
601-71-4640,122-93-4286
714-63-6946,859-72-5087
859-72-5087,714-63-6946
621-68-6533,916-99-5132
916-99-5132,621-68-6533
823-33-6062,383-48-1635
383-48-1635,823-33-6062
795-10-9392,620-24-9609
620-24-9609,795-10-9392
637-57-6670,502-17-9987
502-17-9987,637-57-6670
768-21-6622,549-43-9434
549-43-9434,768-21-6622
735-27-8828,161-20-3960
161-20-3960,735-27-8828
430-20-3652,919-91-3876
919-91-3876,430-20-3652
165-48-3735,547-95-1869
547-95-1869,165-48-3735
822-47-7197,941-58-4866
941-58-4866,822-47-7197
155-86-9458,127-64-2280
127-64-2280,155-86-9458
814-56-3521,164-90-7585
164-90-7585,814-56-3521
904-88-4865,898-73-2931
898-73-2931,904-88-4865
325-68-5974,211-54-3114
211-54-3114,325-68-5974
542-79-1093,787-19-7142
787-19-7142,542-79-1093
176-67-1947,517-60-9011
517-60-9011,176-67-1947
222-78-9815,800-96-3650
800-96-3650,222-78-9815
849-97-8816,321-54-6666
321-54-6666,849-97-8816
735-79-5813,158-69-1962
158-69-1962,735-79-5813
881-82-9239,600-60-5475
600-60-5475,881-82-9239
103-50-2493,405-59-6238
405-59-6238,103-50-2493
912-83-2362,303-59-5356
303-59-5356,912-83-2362
402-14-8568,146-82-7620
146-82-7620,402-14-8568
194-30-2867,276-23-2736
276-23-2736,194-30-2867
678-37-1227,691-65-4009
691-65-4009,678-37-1227
237-72-2076,578-90-4120
578-90-4120,237-72-2076
347-37-2724,935-52-2494
935-52-2494,347-37-2724
254-95-8747,996-52-6546
996-52-6546,254-95-8747
221-68-8953,931-96-3535
931-96-3535,221-68-8953
465-53-8362,396-21-8814
396-21-8814,465-53-8362
569-39-4430,809-14-2604
809-14-2604,569-39-4430
328-68-4593,782-31-6631
782-31-6631,328-68-4593
492-93-1536,503-30-6695
503-30-6695,492-93-1536
993-32-8235,801-84-4384
801-84-4384,993-32-8235
793-67-3664,390-97-8322
390-97-8322,793-67-3664
919-20-2857,893-44-3241
893-44-3241,919-20-2857
163-69-8181,423-80-1665
423-80-1665,163-69-8181
264-91-8215,758-89-3344
758-89-3344,264-91-8215
505-71-5843,463-33-4070
463-33-4070,505-71-5843
290-77-4893,617-42-8123
617-42-8123,290-77-4893
512-73-7221,362-74-7260
362-74-7260,512-73-7221
365-88-7236,411-70-3096
411-70-3096,365-88-7236
870-27-6196,424-82-7970
424-82-7970,870-27-6196
125-18-2489,310-24-5526
310-24-5526,125-18-2489
661-34-1268,959-57-9709
959-57-9709,661-34-1268
120-84-9962,829-94-6524
829-94-6524,120-84-9962
531-43-1053,964-11-8519
964-11-8519,531-43-1053
837-85-5163,426-48-4262
426-48-4262,837-85-5163
292-32-2639,210-80-6308
210-80-6308,292-32-2639
224-63-2975,169-44-2029
169-44-2029,224-63-2975
110-30-3586,694-92-7806
694-92-7806,110-30-3586
767-59-8037,521-31-6584
521-31-6584,767-59-8037
394-72-5002,725-69-3890
725-69-3890,394-72-5002
889-43-4887,428-68-5400
428-68-5400,889-43-4887
823-49-5985,299-67-7723
299-67-7723,823-49-5985
163-79-5478,302-26-8182
302-26-8182,163-79-5478
762-98-8572,821-21-9161
821-21-9161,762-98-8572
601-39-5110,762-28-4881
762-28-4881,601-39-5110
746-68-8440,283-57-9251
283-57-9251,746-68-8440
749-95-3975,843-56-5688
843-56-5688,749-95-3975
293-23-5306,565-51-3994
565-51-3994,293-23-5306
911-36-7863,117-57-6264
117-57-6264,911-36-7863
108-22-5378,646-67-4425
646-67-4425,108-22-5378
939-73-4334,131-80-6117
131-80-6117,939-73-4334
811-27-7091,685-35-6764
685-35-6764,811-27-7091
946-82-8252,746-76-1761
746-76-1761,946-82-8252
718-82-2637,313-30-9622
313-30-9622,718-82-2637
713-64-1027,612-72-1779
612-72-1779,713-64-1027
919-94-5591,790-95-2868
790-95-2868,919-94-5591
658-34-2664,766-73-7434
766-73-7434,658-34-2664
835-73-2632,322-29-5475
322-29-5475,835-73-2632
868-96-5270,211-81-4333
211-81-4333,868-96-5270
925-41-9314,401-40-3926
401-40-3926,925-41-9314
443-77-9045,854-41-8773
854-41-8773,443-77-9045
161-99-1495,337-16-7904
337-16-7904,161-99-1495
483-17-9101,995-61-8531
995-61-8531,483-17-9101
447-74-9611,150-17-6807
150-17-6807,447-74-9611
188-92-9906,461-11-5351
461-11-5351,188-92-9906
724-61-4545,320-47-2788
320-47-2788,724-61-4545
566-27-5729,946-52-2729
946-52-2729,566-27-5729
872-67-5219,604-52-6577
604-52-6577,872-67-5219
477-92-9230,978-13-4452
978-13-4452,477-92-9230
265-15-8486,889-46-1825
889-46-1825,265-15-8486
101-26-1120,998-75-2090
998-75-2090,101-26-1120
715-22-1190,541-79-1642
541-79-1642,715-22-1190
983-59-5734,903-11-8974
903-11-8974,983-59-5734
137-58-8324,105-34-4163
105-34-4163,137-58-8324
633-41-9210,957-37-4514
957-37-4514,633-41-9210
572-66-5507,752-28-1851
752-28-1851,572-66-5507
600-31-6793,219-65-5768
219-65-5768,600-31-6793
635-82-5183,168-16-2504
168-16-2504,635-82-5183
392-17-6893,301-18-9157
301-18-9157,392-17-6893
779-15-1589,250-23-1471
250-23-1471,779-15-1589
293-29-6015,773-35-1305
773-35-1305,293-29-6015
126-46-4381,512-64-2163
512-64-2163,126-46-4381
336-16-7764,876-48-9060
876-48-9060,336-16-7764
794-47-4954,978-71-7795
978-71-7795,794-47-4954
250-29-1235,826-87-7570
826-87-7570,250-29-1235
653-38-4885,216-81-9089
216-81-9089,653-38-4885
445-56-3841,553-46-2405
553-46-2405,445-56-3841
410-33-4133,116-96-2799
116-96-2799,410-33-4133
224-14-5319,264-29-5729
264-29-5729,224-14-5319
730-62-4564,800-57-2771
800-57-2771,730-62-4564
947-34-3009,965-39-3333
965-39-3333,947-34-3009
986-27-3480,300-69-5795
300-69-5795,986-27-3480
900-29-9377,269-41-7938
269-41-7938,900-29-9377
887-46-6748,750-79-8190
750-79-8190,887-46-6748
964-71-7288,390-37-4475
390-37-4475,964-71-7288
523-87-8845,219-41-8000
219-41-8000,523-87-8845
992-97-2527,556-69-9983
556-69-9983,992-97-2527
154-73-8625,718-29-1096
718-29-1096,154-73-8625
500-18-3128,509-93-9947
509-93-9947,500-18-3128
894-75-1836,984-79-5623
984-79-5623,894-75-1836
563-71-8298,353-22-2485
353-22-2485,563-71-8298
939-42-5339,805-55-3536
805-55-3536,939-42-5339
971-17-7449,188-49-2005
188-49-2005,971-17-7449
545-16-9023,195-44-3521
195-44-3521,545-16-9023
420-69-9466,442-55-2522
442-55-2522,420-69-9466
870-33-4807,833-66-5974
833-66-5974,870-33-4807
756-99-2743,379-32-1045
379-32-1045,756-99-2743
351-99-4664,190-65-2592
190-65-2592,351-99-4664
862-92-2150,827-54-2595
827-54-2595,862-92-2150
813-70-7068,772-82-2884
772-82-2884,813-70-7068
992-39-2759,940-45-3953
940-45-3953,992-39-2759
774-92-1988,183-49-1726
183-49-1726,774-92-1988
852-61-5451,639-66-4605
639-66-4605,852-61-5451
262-96-7229,588-36-7663
588-36-7663,262-96-7229
863-67-3799,605-31-4557
605-31-4557,863-67-3799
627-50-6895,666-77-7146
666-77-7146,627-50-6895
386-90-5814,362-12-8133
362-12-8133,386-90-5814
852-62-9229,825-59-1380
825-59-1380,852-62-9229
222-33-9181,939-48-1758
939-48-1758,222-33-9181
158-57-4188,753-53-9864
753-53-9864,158-57-4188
520-62-8955,127-67-9763
127-67-9763,520-62-8955
319-64-4493,347-99-9160
347-99-9160,319-64-4493
644-26-9965,735-87-3594
735-87-3594,644-26-9965
565-15-4949,931-81-8349
931-81-8349,565-15-4949
358-88-5768,294-88-2825
294-88-2825,358-88-5768
210-58-1336,488-53-8586
488-53-8586,210-58-1336
385-93-9360,494-98-3514
494-98-3514,385-93-9360
655-80-7019,461-92-4274
461-92-4274,655-80-7019
616-18-1452,284-84-2609
284-84-2609,616-18-1452
723-73-5302,361-10-1982
361-10-1982,723-73-5302
718-28-7401,873-55-4953
873-55-4953,718-28-7401
854-25-2469,919-13-7013
919-13-7013,854-25-2469
179-42-4287,811-57-6219
811-57-6219,179-42-4287
643-95-2815,149-48-7135
149-48-7135,643-95-2815
306-33-9616,548-70-4187
548-70-4187,306-33-9616
115-66-1625,933-70-2387
933-70-2387,115-66-1625
955-34-3661,694-37-9972
694-37-9972,955-34-3661
240-59-1970,872-39-2917
872-39-2917,240-59-1970
865-82-3660,864-67-7749
864-67-7749,865-82-3660
319-54-1451,358-40-9259
358-40-9259,319-54-1451
251-95-2069,644-12-4346
644-12-4346,251-95-2069
837-58-9235,790-93-8758
790-93-8758,837-58-9235
527-49-9295,889-60-9646
889-60-9646,527-49-9295
983-60-9425,801-51-8789
801-51-8789,983-60-9425
873-41-2933,382-83-7393
382-83-7393,873-41-2933
172-38-5259,179-14-8359
179-14-8359,172-38-5259
219-53-6357,107-43-1667
107-43-1667,219-53-6357
656-86-8741,547-73-6295
547-73-6295,656-86-8741
941-19-2141,815-46-4844
815-46-4844,941-19-2141
828-10-5831,707-78-4648
707-78-4648,828-10-5831
502-90-6297,344-31-9104
344-31-9104,502-90-6297
802-47-1045,570-18-4346
570-18-4346,802-47-1045
141-10-5611,161-35-2513
161-35-2513,141-10-5611
330-23-6959,872-13-4069
872-13-4069,330-23-6959
746-84-9000,488-98-2587
488-98-2587,746-84-9000
686-97-3721,948-79-7530
948-79-7530,686-97-3721
444-67-2061,520-26-8383
520-26-8383,444-67-2061
173-69-8920,216-19-1938
216-19-1938,173-69-8920
584-40-1512,636-85-4453
636-85-4453,584-40-1512
252-18-6615,784-19-2720
784-19-2720,252-18-6615
424-29-5587,178-40-2884
178-40-2884,424-29-5587
954-95-3841,476-14-3746
476-14-3746,954-95-3841
739-54-7807,332-97-6282
332-97-6282,739-54-7807
585-42-2278,220-37-1812
220-37-1812,585-42-2278
940-69-5487,357-82-3723
357-82-3723,940-69-5487
846-82-6066,171-90-8678
171-90-8678,846-82-6066
815-12-2955,199-37-4359
199-37-4359,815-12-2955
451-41-9452,282-22-8486
282-22-8486,451-41-9452
898-90-9855,650-95-8118
650-95-8118,898-90-9855
224-83-7892,889-31-7294
889-31-7294,224-83-7892
739-30-3122,506-28-6844
506-28-6844,739-30-3122
710-17-6448,315-15-4551
315-15-4551,710-17-6448
770-87-6842,802-89-4375
802-89-4375,770-87-6842
405-55-8466,218-59-2319
218-59-2319,405-55-8466
718-56-8826,103-87-4818
103-87-4818,718-56-8826
908-60-2528,911-69-4748
911-69-4748,908-60-2528
469-92-9300,294-33-3102
294-33-3102,469-92-9300
988-51-6039,863-32-2776
863-32-2776,988-51-6039
988-67-6140,538-30-8834
538-30-8834,988-67-6140
974-82-6621,833-53-3321
833-53-3321,974-82-6621
747-23-3029,453-80-5323
453-80-5323,747-23-3029
307-59-6567,579-40-8177
579-40-8177,307-59-6567
675-95-2998,713-64-8843
713-64-8843,675-95-2998
491-15-1113,875-20-7508
875-20-7508,491-15-1113
740-19-6633,913-96-6590
913-96-6590,740-19-6633
215-95-9604,518-97-6758
518-97-6758,215-95-9604
909-36-8280,813-36-3902
813-36-3902,909-36-8280
954-83-2721,185-27-2281
185-27-2281,954-83-2721
558-37-3323,647-55-5983
647-55-5983,558-37-3323
555-54-4225,662-39-8543
662-39-8543,555-54-4225
546-46-1441,706-72-1176
706-72-1176,546-46-1441
241-52-1801,882-93-1620
882-93-1620,241-52-1801
545-87-8406,672-90-2500
672-90-2500,545-87-8406
335-26-9262,893-13-8319
893-13-8319,335-26-9262
300-84-5874,340-64-9322
340-64-9322,300-84-5874
339-88-1369,280-47-2853
280-47-2853,339-88-1369
705-71-7910,659-50-3504
659-50-3504,705-71-7910
205-61-4884,874-78-5212
874-78-5212,205-61-4884
521-81-4120,552-63-8187
552-63-8187,521-81-4120
113-99-1141,543-89-5542
543-89-5542,113-99-1141
733-16-6249,180-73-1023
180-73-1023,733-16-6249
400-96-4385,779-78-8202
779-78-8202,400-96-4385
633-92-2924,672-75-2106
672-75-2106,633-92-2924
297-68-6603,246-93-5303
246-93-5303,297-68-6603
425-89-5576,337-77-8533
337-77-8533,425-89-5576
365-37-1912,482-62-7123
482-62-7123,365-37-1912
165-73-9023,813-34-3248
813-34-3248,165-73-9023
794-41-6476,378-22-2965
378-22-2965,794-41-6476
137-24-4284,749-89-6662
749-89-6662,137-24-4284
237-83-9218,433-13-7773
433-13-7773,237-83-9218
369-48-8547,291-83-3372
291-83-3372,369-48-8547
282-46-3974,616-81-9245
616-81-9245,282-46-3974
389-96-4586,998-80-3291
998-80-3291,389-96-4586
627-54-5333,273-28-2489
273-28-2489,627-54-5333
536-86-9685,135-63-2797
135-63-2797,536-86-9685
529-41-6166,656-69-8766
656-69-8766,529-41-6166
706-85-3916,501-30-7103
501-30-7103,706-85-3916
161-92-7585,252-45-9477
252-45-9477,161-92-7585
163-37-3506,403-52-6339
403-52-6339,163-37-3506
680-10-8353,186-44-7058
186-44-7058,680-10-8353
177-59-9630,103-23-4599
103-23-4599,177-59-9630
605-86-5686,751-77-4265
751-77-4265,605-86-5686
182-48-2334,302-50-5933
302-50-5933,182-48-2334
366-14-4326,436-58-1788
436-58-1788,366-14-4326
911-79-5711,442-17-8482
442-17-8482,911-79-5711
858-32-3585,280-44-8957
280-44-8957,858-32-3585
572-82-8716,401-24-5937
401-24-5937,572-82-8716
617-13-7954,845-52-2076
845-52-2076,617-13-7954
649-68-3371,601-96-9797
601-96-9797,649-68-3371
179-10-8735,330-35-4477
330-35-4477,179-10-8735
920-11-4736,350-86-3395
350-86-3395,920-11-4736
122-66-2391,587-46-1608
587-46-1608,122-66-2391
664-10-2549,443-74-8532
443-74-8532,664-10-2549
951-96-7984,260-37-6381
260-37-6381,951-96-7984
829-48-2671,155-28-9451
155-28-9451,829-48-2671
694-45-9929,163-37-1031
163-37-1031,694-45-9929
171-88-9436,176-51-7787
176-51-7787,171-88-9436
526-35-3542,630-48-6927
630-48-6927,526-35-3542
525-43-4493,872-44-7880
872-44-7880,525-43-4493
569-29-3106,400-35-7073
400-35-7073,569-29-3106
539-18-2412,874-96-2202
874-96-2202,539-18-2412
290-56-1735,971-87-7306
971-87-7306,290-56-1735
489-16-9324,618-15-2406
618-15-2406,489-16-9324
942-90-9893,954-51-6253
954-51-6253,942-90-9893
203-47-8432,908-95-6367
908-95-6367,203-47-8432
137-18-2471,924-86-8444
924-86-8444,137-18-2471
801-55-8538,387-34-7761
387-34-7761,801-55-8538
317-29-4256,874-69-3384
874-69-3384,317-29-4256
297-44-9796,122-58-9371
122-58-9371,297-44-9796
252-94-2221,850-93-9944
850-93-9944,252-94-2221
268-48-8702,228-44-9787
228-44-9787,268-48-8702
794-22-7153,730-54-2174
730-54-2174,794-22-7153
465-21-9462,479-77-8940
479-77-8940,465-21-9462
380-99-7597,148-27-4341
148-27-4341,380-99-7597
297-55-2339,495-42-9130
495-42-9130,297-55-2339
251-78-2448,458-40-1244
458-40-1244,251-78-2448
447-72-2266,567-76-5733
567-76-5733,447-72-2266
364-25-5148,398-28-3621
398-28-3621,364-25-5148
890-46-4137,371-13-8039
371-13-8039,890-46-4137
620-40-1489,618-68-8462
618-68-8462,620-40-1489
762-70-8168,753-49-5121
753-49-5121,762-70-8168
922-34-5484,179-69-3205
179-69-3205,922-34-5484
868-83-2900,594-19-7900
594-19-7900,868-83-2900
203-15-3439,194-32-3382
194-32-3382,203-15-3439
607-24-3486,893-41-6757
893-41-6757,607-24-3486
908-58-3897,559-74-1049
559-74-1049,908-58-3897
752-79-4337,933-98-3431
933-98-3431,752-79-4337
128-26-8515,352-59-6346
352-59-6346,128-26-8515
101-13-3125,550-57-4974
550-57-4974,101-13-3125
981-62-6100,265-88-3971
265-88-3971,981-62-6100
364-76-1896,147-67-9236
147-67-9236,364-76-1896
959-10-3863,943-86-8204
943-86-8204,959-10-3863
950-11-3187,943-68-7285
943-68-7285,950-11-3187
157-80-3041,556-20-5631
556-20-5631,157-80-3041
199-74-2591,899-66-7736
899-66-7736,199-74-2591
973-53-1900,982-71-7394
982-71-7394,973-53-1900
666-42-3759,994-41-7180
994-41-7180,666-42-3759
866-60-7838,998-65-3475
998-65-3475,866-60-7838
539-63-4038,390-91-7639
390-91-7639,539-63-4038
485-60-2078,309-25-3961
309-25-3961,485-60-2078
386-17-2170,570-94-8161
570-94-8161,386-17-2170
884-80-6633,637-30-6859
637-30-6859,884-80-6633
510-54-6163,586-65-3153
586-65-3153,510-54-6163
809-28-6527,580-23-5341
580-23-5341,809-28-6527
958-14-8906,162-55-9754
162-55-9754,958-14-8906
582-85-3264,263-48-1730
263-48-1730,582-85-3264
323-23-8143,971-73-1343
971-73-1343,323-23-8143
984-42-7759,620-67-1308
620-67-1308,984-42-7759
506-29-4058,426-60-5253
426-60-5253,506-29-4058
752-40-5605,115-12-5222
115-12-5222,752-40-5605
187-32-5649,671-34-6154
671-34-6154,187-32-5649
737-71-4290,259-33-5022
259-33-5022,737-71-4290
106-62-9224,901-74-3522
901-74-3522,106-62-9224
670-18-5140,341-64-7018
341-64-7018,670-18-5140
213-73-1414,476-35-6990
476-35-6990,213-73-1414
239-66-1596,281-34-3030
281-34-3030,239-66-1596
566-35-4183,716-81-3156
716-81-3156,566-35-4183
962-87-4048,809-88-2221
809-88-2221,962-87-4048
416-17-5046,551-17-6788
551-17-6788,416-17-5046
733-36-1992,926-59-3363
926-59-3363,733-36-1992
670-74-7059,179-75-3348
179-75-3348,670-74-7059
831-34-8621,338-79-9428
338-79-9428,831-34-8621
942-99-5569,198-82-8739
198-82-8739,942-99-5569
394-61-6198,403-43-3801
403-43-3801,394-61-6198
488-51-7609,602-67-7358
602-67-7358,488-51-7609
980-27-7143,399-38-5587
399-38-5587,980-27-7143
504-92-3574,704-67-7534
704-67-7534,504-92-3574
355-65-6349,373-94-4786
373-94-4786,355-65-6349
962-91-2190,245-22-4991
245-22-4991,962-91-2190
823-76-9513,785-69-2768
785-69-2768,823-76-9513
975-80-5680,558-56-7259
558-56-7259,975-80-5680
812-69-2984,753-23-6079
753-23-6079,812-69-2984
204-95-6716,338-96-9211
338-96-9211,204-95-6716
721-82-2594,745-60-2518
745-60-2518,721-82-2594
153-81-5729,496-57-3147
496-57-3147,153-81-5729
404-36-1215,196-88-5486
196-88-5486,404-36-1215
923-32-4813,578-20-9597
578-20-9597,923-32-4813
809-31-6968,364-68-3038
364-68-3038,809-31-6968
659-21-3323,276-49-7706
276-49-7706,659-21-3323
940-51-8040,952-95-3244
952-95-3244,940-51-8040
484-42-4410,318-20-9261
318-20-9261,484-42-4410
957-15-8384,204-86-7249
204-86-7249,957-15-8384
712-28-1622,346-61-5729
346-61-5729,712-28-1622
786-82-5927,517-79-4046
517-79-4046,786-82-5927
821-46-3196,223-89-8043
223-89-8043,821-46-3196
732-64-7934,157-36-1678
157-36-1678,732-64-7934
359-50-1155,722-26-5677
722-26-5677,359-50-1155
729-27-3011,284-68-5051
284-68-5051,729-27-3011
823-45-8901,633-88-1392
633-88-1392,823-45-8901
495-35-6668,988-42-4962
988-42-4962,495-35-6668
255-83-6580,162-52-7364
162-52-7364,255-83-6580
759-77-9097,601-29-6929
601-29-6929,759-77-9097
891-57-2230,340-92-6417
340-92-6417,891-57-2230
922-34-2720,702-67-3102
702-67-3102,922-34-2720
133-31-9701,829-84-9379
829-84-9379,133-31-9701
323-80-8493,235-89-5896
235-89-5896,323-80-8493
998-18-7665,863-47-4956
863-47-4956,998-18-7665
208-76-6931,204-37-1977
204-37-1977,208-76-6931
472-72-8830,204-76-2958
204-76-2958,472-72-8830
176-93-3059,935-38-2752
935-38-2752,176-93-3059
181-18-9073,839-40-7160
839-40-7160,181-18-9073
676-40-2511,758-72-9877
758-72-9877,676-40-2511
433-38-2557,721-59-9570
721-59-9570,433-38-2557
461-26-5007,167-61-1410
167-61-1410,461-26-5007
731-45-7636,211-75-6022
211-75-6022,731-45-7636
507-72-4979,838-19-9334
838-19-9334,507-72-4979
518-56-3461,900-30-6346
900-30-6346,518-56-3461
725-32-8000,984-53-8737
984-53-8737,725-32-8000
775-61-4465,919-42-8634
919-42-8634,775-61-4465
380-85-1128,996-81-3856
996-81-3856,380-85-1128
772-32-8759,557-22-1562
557-22-1562,772-32-8759
907-21-9079,200-90-6763
200-90-6763,907-21-9079
629-63-4017,130-85-5860
130-85-5860,629-63-4017
360-60-1411,472-24-6300
472-24-6300,360-60-1411
319-68-3321,988-82-2111
988-82-2111,319-68-3321
247-72-5457,708-56-8700
708-56-8700,247-72-5457
174-52-1494,459-98-1202
459-98-1202,174-52-1494
536-88-2380,966-31-3699
966-31-3699,536-88-2380
232-50-1680,239-23-1741
239-23-1741,232-50-1680
194-20-5334,664-57-6827
664-57-6827,194-20-5334
361-83-2094,282-21-3002
282-21-3002,361-83-2094
304-83-8109,230-27-7707
230-27-7707,304-83-8109
448-12-4099,893-29-1956
893-29-1956,448-12-4099
317-44-8746,519-44-3276
519-44-3276,317-44-8746
855-53-2445,746-32-8829
746-32-8829,855-53-2445
381-36-2241,644-20-5416
644-20-5416,381-36-2241
598-64-1555,656-80-5391
656-80-5391,598-64-1555
377-70-9131,392-24-2098
392-24-2098,377-70-9131
873-17-9452,349-34-7925
349-34-7925,873-17-9452
650-26-1989,516-61-1331
516-61-1331,650-26-1989
959-18-8621,227-12-7609
227-12-7609,959-18-8621
792-87-3912,715-29-4925
715-29-4925,792-87-3912
123-93-9054,851-36-4571
851-36-4571,123-93-9054
145-21-4816,780-24-3517
780-24-3517,145-21-4816
468-91-5056,923-24-5566
923-24-5566,468-91-5056
648-94-4068,250-64-7821
250-64-7821,648-94-4068
823-66-8145,982-64-5385
982-64-5385,823-66-8145
843-32-4142,364-68-3645
364-68-3645,843-32-4142
845-53-3233,675-45-2679
675-45-2679,845-53-3233
781-11-5692,933-83-4685
933-83-4685,781-11-5692
411-71-3687,723-72-3834
723-72-3834,411-71-3687
390-14-1397,268-45-2185
268-45-2185,390-14-1397
774-60-1283,184-24-5435
184-24-5435,774-60-1283
156-92-6531,440-81-9867
440-81-9867,156-92-6531
506-39-6822,856-59-8803
856-59-8803,506-39-6822
990-42-7819,353-77-3010
353-77-3010,990-42-7819
676-79-2961,526-43-3538
526-43-3538,676-79-2961
472-79-6392,536-26-3504
536-26-3504,472-79-6392
243-46-8646,207-31-8849
207-31-8849,243-46-8646
294-37-6406,664-86-8046
664-86-8046,294-37-6406
631-55-5180,168-53-9942
168-53-9942,631-55-5180
339-62-1305,544-10-1884
544-10-1884,339-62-1305
210-19-6122,430-77-1754
430-77-1754,210-19-6122
249-80-7763,883-69-3843
883-69-3843,249-80-7763
944-49-9858,368-92-5716
368-92-5716,944-49-9858
862-75-2189,610-19-1271
610-19-1271,862-75-2189
188-64-9713,135-26-3100
135-26-3100,188-64-9713
943-19-2989,381-33-4031
381-33-4031,943-19-2989
398-81-2184,547-63-2938
547-63-2938,398-81-2184
294-49-1109,120-52-5394
120-52-5394,294-49-1109
823-48-4702,210-22-5567
210-22-5567,823-48-4702
373-54-6384,498-18-9024
498-18-9024,373-54-6384
718-69-2168,198-46-2954
198-46-2954,718-69-2168
601-78-4427,647-70-7666
647-70-7666,601-78-4427
633-93-7029,742-93-3241
742-93-3241,633-93-7029
575-43-8934,386-80-4635
386-80-4635,575-43-8934
763-33-7823,845-91-1115
845-91-1115,763-33-7823
581-82-9296,376-17-2432
376-17-2432,581-82-9296
493-71-8155,329-36-4732
329-36-4732,493-71-8155
381-14-8886,379-59-8712
379-59-8712,381-14-8886
208-18-8032,872-88-8422
872-88-8422,208-18-8032
127-20-8318,375-35-8076
375-35-8076,127-20-8318
446-61-9128,876-59-4195
876-59-4195,446-61-9128
625-14-4181,509-94-7676
509-94-7676,625-14-4181
534-21-5337,883-42-8009
883-42-8009,534-21-5337
874-54-3960,582-64-3180
582-64-3180,874-54-3960
595-93-9398,190-76-7680
190-76-7680,595-93-9398
754-73-9952,453-33-9073
453-33-9073,754-73-9952
659-56-3510,455-71-8022
455-71-8022,659-56-3510
963-81-7738,601-99-9312
601-99-9312,963-81-7738
745-68-3569,108-79-1772
108-79-1772,745-68-3569
712-37-4478,992-15-2615
992-15-2615,712-37-4478
908-90-5761,250-47-5908
250-47-5908,908-90-5761
507-52-7691,312-72-1262
312-72-1262,507-52-7691
885-70-4305,150-42-7561
150-42-7561,885-70-4305
620-79-1526,422-87-8597
422-87-8597,620-79-1526
669-20-5626,977-41-3558
977-41-3558,669-20-5626
610-47-6191,871-66-6997
871-66-6997,610-47-6191
586-79-3144,727-38-6906
727-38-6906,586-79-3144
579-41-6767,839-80-2513
839-80-2513,579-41-6767
791-33-1396,856-76-8645
856-76-8645,791-33-1396
114-99-2113,812-95-4191
812-95-4191,114-99-2113
398-79-5111,844-77-2940
844-77-2940,398-79-5111
827-49-8558,175-44-8851
175-44-8851,827-49-8558
251-65-3805,264-61-7765
264-61-7765,251-65-3805
975-68-5821,435-93-3468
435-93-3468,975-68-5821
426-74-5605,263-78-2572
263-78-2572,426-74-5605
930-23-7093,329-77-1756
329-77-1756,930-23-7093
409-94-9204,790-75-9842
790-75-9842,409-94-9204
795-13-5874,880-93-5248
880-93-5248,795-13-5874
580-58-6717,368-14-2824
368-14-2824,580-58-6717
718-18-6140,688-10-5923
688-10-5923,718-18-6140
107-17-2551,839-21-5860
839-21-5860,107-17-2551
647-45-7506,825-84-2501
825-84-2501,647-45-7506
795-62-9562,542-53-4327
542-53-4327,795-62-9562
640-12-2262,866-72-1285
866-72-1285,640-12-2262
816-69-3284,530-63-9637
530-63-9637,816-69-3284
910-59-2694,109-62-5022
109-62-5022,910-59-2694
474-10-3878,351-10-2562
351-10-2562,474-10-3878
519-29-9557,867-19-4096
867-19-4096,519-29-9557
301-81-9805,514-56-1586
514-56-1586,301-81-9805
396-40-5037,914-72-7865
914-72-7865,396-40-5037
671-87-9715,493-18-2632
493-18-2632,671-87-9715
943-30-9559,681-91-2193
681-91-2193,943-30-9559
951-89-7294,779-19-4059
779-19-4059,951-89-7294
245-82-2011,573-55-4626
573-55-4626,245-82-2011
729-98-9071,713-10-8183
713-10-8183,729-98-9071
951-46-7196,361-49-5987
361-49-5987,951-46-7196
833-28-3205,815-77-4332
815-77-4332,833-28-3205
969-65-8942,839-71-1182
839-71-1182,969-65-8942
508-26-3068,845-41-7413
845-41-7413,508-26-3068
158-87-7035,716-72-9683
716-72-9683,158-87-7035
120-39-6122,498-48-7881
498-48-7881,120-39-6122
208-49-7190,735-51-5894
735-51-5894,208-49-7190
972-39-1375,513-63-4852
513-63-4852,972-39-1375
520-90-6664,664-83-4770
664-83-4770,520-90-6664
974-24-5671,589-59-8679
589-59-8679,974-24-5671
215-28-4161,767-67-7614
767-67-7614,215-28-4161
654-60-1794,387-72-4590
387-72-4590,654-60-1794
882-31-5556,761-11-6233
761-11-6233,882-31-5556
911-65-2048,114-97-8239
114-97-8239,911-65-2048
822-57-1468,530-36-2883
530-36-2883,822-57-1468
227-10-1513,657-36-8132
657-36-8132,227-10-1513
290-26-3171,496-21-9579
496-21-9579,290-26-3171
209-40-5294,803-24-9776
803-24-9776,209-40-5294
433-92-6884,271-81-7704
271-81-7704,433-92-6884
662-13-7264,306-68-9044
306-68-9044,662-13-7264
111-87-4657,742-72-7721
742-72-7721,111-87-4657
387-40-1296,155-20-8576
155-20-8576,387-40-1296
433-70-7179,764-25-5820
764-25-5820,433-70-7179
430-45-2680,307-51-8219
307-51-8219,430-45-2680
428-71-1731,787-27-2502
787-27-2502,428-71-1731
815-64-7844,623-97-7868
623-97-7868,815-64-7844
710-15-2404,504-15-8398
504-15-8398,710-15-2404
786-55-8703,959-15-7765
959-15-7765,786-55-8703
123-83-6225,221-64-3065
221-64-3065,123-83-6225
730-41-5569,157-60-5022
157-60-5022,730-41-5569
893-58-8946,712-27-7270
712-27-7270,893-58-8946
669-31-1684,594-30-3472
594-30-3472,669-31-1684
883-98-3266,975-90-5169
975-90-5169,883-98-3266
549-11-8125,884-60-6029
884-60-6029,549-11-8125
102-93-8670,721-81-4640
721-81-4640,102-93-8670
258-88-3265,646-75-9887
646-75-9887,258-88-3265
494-58-7365,893-20-2953
893-20-2953,494-58-7365
907-37-2536,126-93-1963
126-93-1963,907-37-2536
605-42-3752,480-76-2053
480-76-2053,605-42-3752
707-29-6781,768-44-6845
768-44-6845,707-29-6781
575-90-4163,935-90-8903
935-90-8903,575-90-4163
418-88-7131,765-50-1259
765-50-1259,418-88-7131
148-91-4813,216-59-1460
216-59-1460,148-91-4813
264-90-1588,776-27-4511
776-27-4511,264-90-1588
136-53-6713,989-74-5575
989-74-5575,136-53-6713
721-44-6640,666-37-2968
666-37-2968,721-44-6640
580-72-9353,968-49-4649
968-49-4649,580-72-9353
508-81-6765,765-24-9997
765-24-9997,508-81-6765
646-43-1655,728-69-2442
728-69-2442,646-43-1655
727-63-4111,875-77-2583
875-77-2583,727-63-4111
262-35-7390,969-41-6202
969-41-6202,262-35-7390
245-39-2198,688-85-1671
688-85-1671,245-39-2198
655-11-8557,505-19-3100
505-19-3100,655-11-8557
222-69-7223,528-29-6916
528-29-6916,222-69-7223
284-81-9264,266-61-6126
266-61-6126,284-81-9264
738-86-4831,299-42-7999
299-42-7999,738-86-4831
820-28-7351,339-21-2940
339-21-2940,820-28-7351
860-70-8852,926-61-8215
926-61-8215,860-70-8852
856-49-9854,621-98-2340
621-98-2340,856-49-9854
192-83-1836,656-73-8462
656-73-8462,192-83-1836
933-18-3253,495-40-6890
495-40-6890,933-18-3253
645-45-4414,768-11-4040
768-11-4040,645-45-4414
565-42-2688,286-11-4648
286-11-4648,565-42-2688
367-82-6053,816-62-2284
816-62-2284,367-82-6053
442-36-2469,400-49-9483
400-49-9483,442-36-2469
431-85-9136,821-60-8284
821-60-8284,431-85-9136
625-78-1807,999-94-9074
999-94-9074,625-78-1807
604-66-2236,155-62-3590
155-62-3590,604-66-2236
723-60-6697,924-79-6361
924-79-6361,723-60-6697
179-23-4896,719-95-6653
719-95-6653,179-23-4896
652-64-7478,801-26-8295
801-26-8295,652-64-7478
443-21-7103,161-18-1734
161-18-1734,443-21-7103
648-95-6054,298-71-9530
298-71-9530,648-95-6054
725-17-7652,931-76-4006
931-76-4006,725-17-7652
991-22-7795,132-33-1035
132-33-1035,991-22-7795
689-68-7341,549-98-6461
549-98-6461,689-68-7341
416-15-7446,347-59-6080
347-59-6080,416-15-7446
418-24-3300,861-57-6742
861-57-6742,418-24-3300
356-33-6602,150-47-8891
150-47-8891,356-33-6602
878-25-4018,746-44-3816
746-44-3816,878-25-4018
211-35-5637,829-92-1214
829-92-1214,211-35-5637
763-24-4139,790-35-1455
790-35-1455,763-24-4139
698-47-6677,721-23-7306
721-23-7306,698-47-6677
290-83-1042,824-56-7589
824-56-7589,290-83-1042
447-61-2197,850-65-9112
850-65-9112,447-61-2197
214-49-9356,309-85-4004
309-85-4004,214-49-9356
649-92-1712,647-69-3857
647-69-3857,649-92-1712
463-93-7764,651-55-9284
651-55-9284,463-93-7764
227-16-8198,122-58-1355
122-58-1355,227-16-8198
347-92-3549,769-27-7272
769-27-7272,347-92-3549
863-29-3608,884-39-6785
884-39-6785,863-29-3608
238-63-6432,324-78-2650
324-78-2650,238-63-6432
308-39-7584,297-95-6456
297-95-6456,308-39-7584
989-31-1353,182-48-5581
182-48-5581,989-31-1353
875-17-8205,267-46-6501
267-46-6501,875-17-8205
683-95-9520,282-37-9404
282-37-9404,683-95-9520
953-51-6864,728-53-1519
728-53-1519,953-51-6864
817-89-4531,682-93-6711
682-93-6711,817-89-4531
408-20-3804,593-83-5101
593-83-5101,408-20-3804
588-20-3487,718-94-7879
718-94-7879,588-20-3487
200-79-1772,983-17-4894
983-17-4894,200-79-1772
817-68-7727,784-93-4816
784-93-4816,817-68-7727
133-56-1960,697-38-8031
697-38-8031,133-56-1960
857-12-2965,583-80-9898
583-80-9898,857-12-2965
908-23-5988,640-79-3146
640-79-3146,908-23-5988
574-94-1559,941-44-1940
941-44-1940,574-94-1559
467-49-6968,720-61-7685
720-61-7685,467-49-6968
780-54-6505,402-95-3025
402-95-3025,780-54-6505
310-75-2096,349-20-9183
349-20-9183,310-75-2096
355-55-8257,894-11-5071
894-11-5071,355-55-8257
594-62-8791,463-86-6633
463-86-6633,594-62-8791
205-36-1017,902-88-6983
902-88-6983,205-36-1017
887-56-3925,326-77-1075
326-77-1075,887-56-3925
901-50-3318,384-57-9554
384-57-9554,901-50-3318
571-80-9645,259-46-6179
259-46-6179,571-80-9645
862-31-3735,763-98-7538
763-98-7538,862-31-3735
945-89-4142,440-65-6484
440-65-6484,945-89-4142
244-66-2313,405-69-2398
405-69-2398,244-66-2313
727-53-5784,581-82-4286
581-82-4286,727-53-5784
445-78-6725,887-92-1343
887-92-1343,445-78-6725
974-90-8459,923-42-2857
923-42-2857,974-90-8459
443-73-3564,595-94-1802
595-94-1802,443-73-3564
386-74-3469,104-96-7463
104-96-7463,386-74-3469
113-84-6405,106-36-4861
106-36-4861,113-84-6405
711-47-3724,976-10-7325
976-10-7325,711-47-3724
348-67-5365,623-13-4306
623-13-4306,348-67-5365
350-33-7644,332-90-9112
332-90-9112,350-33-7644
745-62-1726,518-74-3236
518-74-3236,745-62-1726
838-78-6903,800-57-1160
800-57-1160,838-78-6903
177-92-8912,378-68-7683
378-68-7683,177-92-8912
764-22-1917,694-79-7950
694-79-7950,764-22-1917
249-98-7016,853-82-5159
853-82-5159,249-98-7016
448-62-9222,870-63-2000
870-63-2000,448-62-9222
353-19-1869,675-37-8713
675-37-8713,353-19-1869
714-82-3284,427-58-7772
427-58-7772,714-82-3284
161-75-6727,856-45-8478
856-45-8478,161-75-6727
926-60-1999,118-29-2658
118-29-2658,926-60-1999
970-84-7412,754-99-2697
754-99-2697,970-84-7412
197-40-1659,972-92-4223
972-92-4223,197-40-1659
854-53-9895,550-70-3616
550-70-3616,854-53-9895
973-97-6968,954-53-9646
954-53-9646,973-97-6968
940-35-6375,235-31-6345
235-31-6345,940-35-6375
482-37-5579,348-92-3906
348-92-3906,482-37-5579
691-73-2776,714-33-1142
714-33-1142,691-73-2776
142-23-8866,238-11-5292
238-11-5292,142-23-8866
784-43-9019,622-52-8243
622-52-8243,784-43-9019
841-25-8146,829-20-9054
829-20-9054,841-25-8146
916-93-6849,791-67-1073
791-67-1073,916-93-6849
839-46-6000,148-96-1027
148-96-1027,839-46-6000
492-26-2553,309-89-6813
309-89-6813,492-26-2553
600-71-4658,595-68-2743
595-68-2743,600-71-4658
338-64-9335,861-81-1216
861-81-1216,338-64-9335
922-27-9696,322-27-6813
322-27-6813,922-27-9696
281-71-2716,224-56-3314
224-56-3314,281-71-2716
692-74-8182,848-52-7951
848-52-7951,692-74-8182
312-50-7417,881-57-3342
881-57-3342,312-50-7417
614-28-7437,474-88-9108
474-88-9108,614-28-7437
772-12-2680,828-12-3992
828-12-3992,772-12-2680
947-95-4126,656-59-1211
656-59-1211,947-95-4126
263-13-2629,713-93-2602
713-93-2602,263-13-2629
128-82-7964,958-56-6899
958-56-6899,128-82-7964
601-16-2982,620-42-4702
620-42-4702,601-16-2982
179-58-3889,920-35-2283
920-35-2283,179-58-3889
644-58-1605,459-27-3540
459-27-3540,644-58-1605
304-87-6652,820-41-8172
820-41-8172,304-87-6652
209-73-9523,102-73-1755
102-73-1755,209-73-9523
321-84-3197,839-88-8706
839-88-8706,321-84-3197
303-95-9148,786-74-5738
786-74-5738,303-95-9148
325-76-3825,480-63-5581
480-63-5581,325-76-3825
674-86-7927,753-30-6970
753-30-6970,674-86-7927
376-18-6685,625-81-7044
625-81-7044,376-18-6685
396-60-2809,480-23-5771
480-23-5771,396-60-2809
706-33-9265,489-53-1568
489-53-1568,706-33-9265
428-52-5212,519-89-4196
519-89-4196,428-52-5212
945-42-6222,400-92-8859
400-92-8859,945-42-6222
886-40-7095,393-99-4125
393-99-4125,886-40-7095
419-75-9355,600-26-3747
600-26-3747,419-75-9355
918-37-4583,703-22-1479
703-22-1479,918-37-4583
120-26-3423,213-78-5739
213-78-5739,120-26-3423
256-30-6260,447-94-6981
447-94-6981,256-30-6260
463-19-8205,752-85-4642
752-85-4642,463-19-8205
823-65-8596,933-91-2822
933-91-2822,823-65-8596
358-42-4283,827-13-9512
827-13-9512,358-42-4283
774-67-2241,378-55-4939
378-55-4939,774-67-2241
777-87-2581,133-84-1492
133-84-1492,777-87-2581
545-67-7626,342-48-6372
342-48-6372,545-67-7626
309-29-4245,571-93-9260
571-93-9260,309-29-4245
154-27-6478,807-60-8945
807-60-8945,154-27-6478
122-60-7325,799-18-5282
799-18-5282,122-60-7325
716-99-1541,425-19-9945
425-19-9945,716-99-1541
106-26-9251,983-31-8095
983-31-8095,106-26-9251
448-18-6037,253-16-2372
253-16-2372,448-18-6037
210-79-2361,746-25-4097
746-25-4097,210-79-2361
502-44-8694,366-43-1471
366-43-1471,502-44-8694
272-61-7031,567-32-4266
567-32-4266,272-61-7031
531-67-8761,655-69-7365
655-69-7365,531-67-8761
658-55-4111,601-57-4900
601-57-4900,658-55-4111
117-35-8882,670-76-1127
670-76-1127,117-35-8882
998-57-7118,347-39-8609
347-39-8609,998-57-7118
966-71-6933,791-61-2216
791-61-2216,966-71-6933
505-64-7524,549-30-3601
549-30-3601,505-64-7524
230-92-3852,676-83-7645
676-83-7645,230-92-3852
331-97-1010,524-88-2149
524-88-2149,331-97-1010
294-38-2287,489-66-2426
489-66-2426,294-38-2287
841-60-5911,984-74-6135
984-74-6135,841-60-5911
994-10-5443,229-46-8063
229-46-8063,994-10-5443
284-36-8464,524-80-7451
524-80-7451,284-36-8464
882-52-7902,992-42-6172
992-42-6172,882-52-7902
215-59-2888,766-32-1946
766-32-1946,215-59-2888
291-10-1119,369-67-1039
369-67-1039,291-10-1119
411-90-6376,145-94-6214
145-94-6214,411-90-6376
175-78-8686,901-95-1388
901-95-1388,175-78-8686
702-52-6928,108-31-8187
108-31-8187,702-52-6928
457-94-6857,980-39-4528
980-39-4528,457-94-6857
451-50-9133,507-18-6363
507-18-6363,451-50-9133
427-21-5642,398-36-2664
398-36-2664,427-21-5642
645-48-2755,589-71-3961
589-71-3961,645-48-2755
479-75-5866,546-18-9580
546-18-9580,479-75-5866
291-98-4044,699-48-1608
699-48-1608,291-98-4044
151-75-8687,939-11-1987
939-11-1987,151-75-8687
124-89-7415,432-57-8620
432-57-8620,124-89-7415
247-22-4738,673-81-1379
673-81-1379,247-22-4738
701-46-1289,285-10-8234
285-10-8234,701-46-1289
943-46-9505,157-52-6158
157-52-6158,943-46-9505
891-48-2879,976-63-5026
976-63-5026,891-48-2879
338-85-5246,702-52-4003
702-52-4003,338-85-5246
281-25-5093,743-43-2765
743-43-2765,281-25-5093
796-14-8443,960-67-2935
960-67-2935,796-14-8443
650-68-5289,735-38-8406
735-38-8406,650-68-5289
796-43-4966,129-98-4797
129-98-4797,796-43-4966
553-14-1238,487-66-8555
487-66-8555,553-14-1238
975-15-5723,862-38-8125
862-38-8125,975-15-5723
315-34-6194,974-35-9413
974-35-9413,315-34-6194
710-67-9915,550-61-7220
550-61-7220,710-67-9915
570-63-8002,837-89-8222
837-89-8222,570-63-8002
588-19-7792,213-79-7067
213-79-7067,588-19-7792
805-55-9443,180-30-1863
180-30-1863,805-55-9443
520-27-1197,508-84-1918
508-84-1918,520-27-1197
914-32-5890,171-30-9487
171-30-9487,914-32-5890
408-93-9481,216-52-2480
216-52-2480,408-93-9481
814-44-3508,961-63-1332
961-63-1332,814-44-3508
671-54-9698,563-50-6338
563-50-6338,671-54-9698
723-78-2216,993-99-3057
993-99-3057,723-78-2216
572-65-4048,265-25-1958
265-25-1958,572-65-4048
571-94-3613,855-54-2851
855-54-2851,571-94-3613
899-99-1596,770-72-2728
770-72-2728,899-99-1596
758-74-9166,722-51-4465
722-51-4465,758-74-9166
791-49-8509,436-97-9394
436-97-9394,791-49-8509
192-33-7091,288-65-3474
799-48-5744,440-33-3382
255-16-6017,572-38-6630
979-66-6641,507-53-1878
751-28-1032,554-16-4843
180-24-6344,424-30-2478
935-73-3194,704-29-2348
607-93-6928,769-48-8246
279-59-7962,923-54-1083
343-94-8468,755-41-3215
895-69-7326,457-61-9582
776-58-1307,362-35-5439
377-26-7652,540-73-5062
138-32-1112,578-35-9687
865-46-4339,763-43-3771
237-22-3594,714-45-5341
285-69-6174,616-22-4415
830-50-7976,355-26-3870
881-68-2340,360-46-9424
867-52-7677,220-83-9577
514-23-9626,985-63-1707
380-40-3047,932-61-7125
964-66-2672,120-12-6943
724-45-5491,998-90-9310
590-14-4173,657-76-1618
189-50-2099,246-34-7763
791-12-2159,330-78-8544
956-92-8249,410-66-8223
815-28-9716,648-84-4675
216-55-4076,229-82-6215
929-16-2122,541-29-9758
642-87-7359,715-77-5739
456-35-3810,985-66-5566
438-76-5237,498-42-3890
732-68-9539,227-67-4927
543-57-1460,101-82-6148
850-97-5990,514-95-5967
330-47-4605,608-66-9157
802-11-2145,196-85-4206
189-71-7232,457-67-6830
692-11-6147,133-61-9524
133-52-7333,343-15-9291
499-93-6828,122-60-8903
868-13-2355,445-89-5181
786-68-3849,705-59-7999
943-27-8470,969-33-1856
916-16-7771,626-87-8679
558-36-7609,691-58-6998
652-70-8791,800-76-3027
817-87-2754,310-54-3169
676-33-7222,136-73-2186
676-31-9540,667-81-4308
663-10-2750,801-67-1728
653-49-7335,728-86-5340
353-33-7718,115-91-5118
542-23-7858,191-73-3398
131-43-3495,307-88-7477
580-59-9046,604-98-6607
667-68-8709,882-41-8468
606-31-8958,880-27-2906
950-67-2051,827-83-2776
441-43-9881,415-95-6843
499-29-6746,452-58-5085
310-28-7652,378-67-2668
366-85-2435,529-80-5306
557-81-6630,564-98-6404
790-49-3664,496-72-7958
671-71-6714,461-99-8936
253-39-4481,313-40-7537
643-31-5321,592-30-8685
123-48-7370,699-42-1818
447-80-5668,636-23-6901
141-39-9560,570-45-5607
566-69-6954,968-45-5594
190-26-4625,950-80-4132
458-48-3441,928-77-1797
573-21-1269,479-32-5008
259-88-5574,802-66-5767
467-79-6267,292-71-1562
987-32-6120,329-74-2211
938-50-5934,944-84-8135
245-50-9961,722-63-5432
178-94-7913,822-16-9689
481-91-7049,226-25-8782
987-10-9244,770-48-2951
663-12-4054,453-52-8672
390-32-2246,370-92-2824
962-40-1770,258-39-3139
327-41-6072,629-30-6585
100-71-6952,996-21-4437
342-44-5191,885-22-9616
958-10-5319,468-23-1639
899-84-8937,741-66-6512
251-22-5674,628-25-5123
787-74-4190,155-52-8618
223-92-4405,973-24-4297
115-23-6296,252-90-4221
959-97-9492,121-60-5869
699-95-4630,731-84-3665
775-22-7044,762-59-2834
327-27-3566,633-65-1180
714-82-6444,180-12-6705
234-76-5536,805-12-6535
693-90-2597,889-76-9885
156-55-9069,146-85-3728
642-41-7704,389-41-6815
676-85-7122,899-59-4928
189-55-1680,541-38-3574
341-41-9653,994-23-9951
630-27-6860,731-41-2803
416-31-5358,813-73-6597
943-66-2482,977-65-9704
704-62-3741,952-90-2704
556-43-2181,396-91-8236
249-62-5058,750-17-7589
247-49-9414,382-71-7544
520-60-5307,110-21-2502
980-55-3865,926-94-4107
592-78-6414,721-46-3700
871-73-9002,560-24-6245
718-59-3634,878-58-5257
850-15-3503,194-66-5524
442-87-8794,744-78-6575
834-57-4194,909-63-1111
479-53-3881,311-20-6436
604-27-9796,690-34-7836
649-12-1758,788-56-5154
989-61-4444,502-11-6252
108-69-7759,593-25-5175
558-82-1980,939-19-4237
737-13-6689,866-50-4662
955-21-6966,374-27-7185
866-61-5963,715-72-5299
352-36-5958,125-61-8091
952-48-4357,357-95-6531
111-26-2742,888-44-2403
318-22-9760,571-50-8315
812-39-6847,627-17-4266
679-90-6197,991-14-9668
588-15-6822,195-28-3614
382-12-8894,774-30-7620
184-67-2101,874-15-1618
698-90-1243,329-93-4323
476-39-1485,300-25-5501
436-78-6717,652-12-5942
845-10-6923,305-42-4481
976-77-4453,987-44-1524
320-18-5609,952-81-1700
853-69-7356,982-92-8240
165-24-2689,274-81-6621
193-56-3068,187-85-2372
686-40-1329,349-35-6815
249-54-3481,344-36-8505
793-57-3719,808-19-8860
868-77-7009,495-99-1917
541-99-6387,836-17-4046
390-43-3945,474-50-2649
712-18-7985,407-19-4502
785-65-8347,189-25-7195
274-46-1683,618-44-8323
210-73-7271,450-52-3459
897-87-9551,176-40-5057
956-46-6889,213-86-4836
192-13-8086,541-99-9269
777-72-2482,249-78-5144
515-63-5156,542-48-5936
838-25-6380,162-35-2482
917-18-5457,456-10-8274
768-22-2651,260-53-2347
368-36-7617,806-62-2929
514-88-3170,901-23-9337
906-90-5079,394-90-1365
464-31-8547,638-58-3855
981-33-5255,497-72-5985
464-13-3205,888-93-9975
629-12-9065,222-19-5904
590-53-3951,151-32-9157
133-35-5098,152-30-9895
951-18-7272,676-81-4044
152-89-6360,797-10-6403
606-27-8704,276-34-3540
236-18-5625,164-32-5909
602-98-3407,143-71-9655
792-36-2127,226-53-4383
354-80-9518,573-65-4104
393-41-1086,856-78-9974
951-10-3006,403-23-9771
896-99-2242,736-19-5275
257-68-6789,793-34-4992
209-61-4172,879-94-8045
228-79-7012,867-43-3361
618-21-6326,567-52-7091
463-15-3367,299-61-4439
812-41-6252,949-66-1139
166-57-1494,416-43-9006
155-85-6476,575-28-3022
520-86-9763,640-67-7252
617-69-5581,425-63-7367
220-15-6055,926-27-3977
686-99-7372,146-76-8963
200-82-6200,685-47-2129
785-89-6516,230-53-3839
560-33-7427,171-33-2075
736-87-4214,840-99-4114
827-34-8083,319-15-7513
314-78-7761,901-27-7517
610-57-4775,909-45-8482
392-59-7379,142-35-8243
432-95-6200,318-95-9473
969-62-5005,545-87-2980
360-14-2981,414-84-6318
172-93-8028,665-59-2684
685-62-1331,928-54-5926
662-65-2540,462-50-7245
207-68-7633,664-39-5304
893-25-3623,949-19-4347
909-25-2519,638-87-9512
731-21-4398,276-22-8630
396-41-3001,331-23-5654
679-36-5556,948-82-6360
269-87-7486,892-41-9465
248-11-7648,932-41-2582
238-69-2624,422-23-4671
242-56-5253,826-24-9926
170-69-1620,340-63-5005
858-54-6274,625-13-9123
779-67-4724,428-51-9552
193-69-8851,506-26-6051
710-12-1919,354-59-1460
270-68-1168,887-84-7909
572-36-9263,909-66-9173
320-17-3413,318-94-2968
946-46-4377,410-36-8518
523-73-1706,244-96-1205
207-89-5596,199-75-3574
265-60-1206,437-29-8037
783-56-9880,938-15-4263
225-66-8405,903-43-7640
759-63-4578,495-33-9900
940-92-7711,968-81-4307
256-90-9884,921-66-4637
953-14-3992,980-96-4517
452-50-9282,163-74-8428
856-56-8957,759-90-4788
102-78-2543,369-73-4380
395-55-6253,144-70-1963
107-81-1844,987-84-2558
637-86-4940,309-28-1494
402-96-7034,989-21-6353
159-20-5985,736-81-8817
898-80-4720,498-88-6494
201-27-1859,148-71-8572
694-83-9610,765-77-8486
543-14-7598,531-67-8709
672-99-1069,884-22-7675
397-10-8606,650-62-7146
524-65-1182,534-54-3622
827-91-7576,854-57-3688
917-76-6359,804-28-4270
404-96-3497,612-34-3541
169-79-3438,987-68-9917
853-38-3293,116-88-7248
477-21-8076,445-32-3580
524-71-3941,621-35-4708
298-59-5545,575-43-1632
136-51-4581,928-58-8234
519-97-2509,379-64-3146
419-96-3377,935-48-6310
429-28-7619,839-92-3659
926-22-5745,774-95-9928
672-18-1331,284-22-4438
812-72-4712,364-84-1499
407-24-9536,840-70-2976
228-89-2389,788-98-1162
955-55-3896,407-37-8503
605-16-5368,998-91-2418
598-20-1411,856-60-5853
183-22-7759,829-71-1151
266-72-8982,977-83-8096
681-93-1852,539-77-3430
105-16-3725,175-66-1190
854-25-7638,864-38-2386
243-58-3775,115-36-4329
783-21-4720,428-69-6411
596-92-3343,399-61-6411
677-88-2887,127-10-5734
956-87-4192,702-40-9984
483-44-1871,420-97-2565
114-20-2647,418-66-6801
164-69-7770,631-51-6585
943-65-7110,212-38-4094
777-29-5316,283-84-4514
143-91-8545,994-80-4714
950-97-1449,419-46-8141
825-63-4919,392-58-9494
132-87-7347,826-37-8185
417-99-2810,872-20-9657
484-90-3317,124-24-9388
604-62-4558,838-77-4419
222-84-1327,810-94-5167
717-86-3289,635-54-6153
917-52-2376,907-70-2259
512-49-6603,478-55-2987
535-56-6339,746-89-2131
616-62-7263,702-25-1908
238-12-1699,189-45-5984
240-73-9242,386-37-6075
561-76-3689,342-23-5246
905-78-9039,989-79-6960
724-30-3108,959-26-1262
970-80-7185,139-44-3340
259-38-1678,987-20-6719
991-64-1913,689-15-3007
505-48-2353,952-27-6908
771-50-1570,448-30-6163
625-61-9341,919-64-8286
102-68-1246,479-95-9982
307-46-7792,287-97-8387
465-27-3047,133-37-5006
677-53-5592,746-73-4799
527-59-4012,759-74-4834
673-16-9944,761-35-6474
312-30-7713,670-57-2048
524-86-7612,692-79-5588
863-59-2584,370-82-6829
411-18-3807,138-77-5250
692-83-1971,770-57-1640
787-16-2183,538-30-4826
690-21-8593,570-65-7549
248-40-9980,454-63-2852
301-47-9734,278-72-1181
431-65-1568,947-27-5164
381-80-4877,779-15-7204
755-70-4316,568-24-5996
479-19-8715,146-40-8160
954-35-3294,565-24-3450
674-39-9038,578-90-1752
400-12-6740,913-71-2628
589-29-2933,675-11-2108
254-44-3334,684-65-2603
116-74-1283,897-96-9796
793-16-1397,758-45-4762
983-49-6989,992-68-7465
770-51-2218,629-91-3723
496-20-1424,917-32-5701
992-43-9966,681-25-3134
962-13-3303,629-14-7660
115-72-3895,598-96-8884
822-83-6392,429-65-8282
713-83-2392,638-64-5300
620-83-5464,106-45-6328
504-41-1493,877-22-7315
389-48-4515,430-65-9336
325-81-2951,514-67-1645
898-32-3791,701-36-3513
259-30-6520,615-64-3988
525-10-8556,584-36-4519
185-62-1443,480-84-8383
259-82-4523,194-24-3392
565-88-8774,866-41-7813
350-93-4147,445-93-9192
555-59-4782,980-89-6071
612-60-3275,783-46-7701
547-31-6321,378-46-7826
372-73-4756,647-68-8309
632-16-3872,333-38-1072
346-83-2285,638-44-3260
841-25-9963,946-64-4400
416-49-1827,867-55-8910
478-23-9835,499-62-3939
731-88-5009,207-52-3716
891-85-7253,870-94-8319
320-25-5066,825-41-8679
864-57-2223,985-18-3094
844-74-2064,434-71-5642
443-42-7826,437-11-8271
903-20-7597,134-30-3190
467-20-8800,798-72-8377
584-79-3134,237-58-7671
731-69-5346,471-39-2719
982-26-6048,696-46-4730
578-67-7776,785-30-1303
777-13-3120,731-57-2139
641-62-5202,288-85-9170
801-29-9578,262-65-3420
889-72-9995,344-46-2320
322-69-3314,259-38-9170
680-31-1662,385-27-1234
740-60-8274,220-72-5724
381-63-7384,102-70-2669
631-13-4725,239-39-7088
926-64-8251,794-10-1120
370-63-9854,890-70-3971
606-84-6534,394-75-3449
734-25-4678,854-48-8027
382-35-9370,212-47-3077
202-25-6658,482-58-8871
345-82-4409,390-81-5540
726-65-4109,496-96-6301
935-93-7376,605-30-8553
443-66-3144,832-30-3428
661-62-3069,363-50-3497
384-46-4831,550-18-9045
123-23-9085,637-63-6204
554-51-6220,535-96-7452
596-37-6728,863-23-7508
833-13-3595,951-41-8833
709-91-9901,740-92-7679
373-27-9603,949-84-9231
771-67-4421,819-48-2990
106-54-9218,831-48-1905
725-36-8368,420-97-4416
603-92-9061,395-87-5060
423-16-3387,505-99-1254
307-66-8873,553-19-4033
163-80-5663,473-74-7110
760-83-7703,635-16-1542
872-95-7410,481-66-5503
133-35-6202,350-66-4741
589-98-4142,737-41-8866
340-51-8899,578-26-6239
648-30-1363,286-58-9825
174-43-4687,646-97-7473
612-52-8642,324-35-5737
545-85-1839,594-93-9346
643-37-5066,560-18-3738
596-33-4397,575-17-7127
854-14-8548,676-22-3338
964-16-5981,530-18-2975
332-55-6340,429-37-8283
495-38-7812,385-84-3889
398-48-3211,122-89-8560
133-40-6291,781-32-2677
632-77-2457,506-56-2163
504-25-7355,608-13-6984
607-93-2159,339-22-4982
812-42-7852,171-12-9800
127-75-4899,745-63-3174
352-71-3142,592-86-4503
615-96-5158,682-65-5871
427-80-9958,323-12-5557
883-59-2702,599-61-2831
612-52-7774,513-79-6330
699-54-6719,222-86-8166
669-22-3113,605-61-9304
413-59-1882,940-21-7825
193-49-2544,421-94-3228
346-77-9604,229-32-5002
157-26-5844,646-89-1438
717-22-5223,816-71-9202
195-84-3188,951-73-8041
213-52-4045,502-41-5780
108-23-5818,499-89-7062
151-42-8124,898-43-2540
140-86-5513,181-91-7546
384-96-7030,745-96-6850
142-11-1180,971-96-4682
529-59-7497,327-56-9479
204-49-7472,367-19-8867
999-12-9997,830-21-7503
960-60-4761,960-25-3476
177-67-1327,757-23-8796
296-98-4066,552-82-3901
452-64-6294,675-16-5711
875-50-5677,340-89-7870
351-17-6839,518-45-2554
165-80-3539,772-84-6667
341-99-1588,473-71-7319
810-30-3902,681-93-5949
845-34-3825,964-63-9267
763-16-8799,160-20-8520
412-18-9662,484-57-1088
979-33-7600,205-71-1132
590-86-3409,894-62-9655
967-55-8662,976-85-3959
119-54-4086,763-90-8673
599-31-1444,505-19-9720
657-56-8446,867-15-5768
339-91-3959,161-43-9209
588-36-2024,436-95-8043
813-63-9217,382-74-8773
545-15-1717,957-82-9781
811-82-8845,587-51-3703
496-69-8954,981-36-4889
413-57-5906,654-98-5170
158-18-1681,668-22-8143
859-31-5162,532-70-3202
184-94-9343,407-62-2759
395-71-8433,700-39-6089
499-68-6080,585-30-1283
991-80-7087,938-58-8268
867-37-9958,537-64-5844
528-60-6400,684-36-8870
483-55-2301,360-56-2583
997-53-4202,267-14-3926
920-23-9423,806-54-9894
143-70-6538,258-40-9002
723-20-1168,816-88-1431
482-92-7481,355-97-8392
895-23-3146,763-49-9690
160-92-6486,154-32-7801
252-42-6473,170-10-1019
501-80-7203,340-12-3044
886-26-8422,607-98-6096
977-38-9463,597-89-4637
871-79-7521,980-75-4496
701-29-3757,519-47-3168
470-23-5618,765-77-5730
198-56-6733,985-60-5915
639-70-4105,962-35-1063
952-49-8734,745-99-9734
281-57-4959,979-97-2376
391-72-3754,778-24-2393
729-44-3549,618-62-8716
872-62-8821,602-87-4492
568-69-5209,773-36-3693
230-89-1576,236-69-5760
710-62-2057,141-45-7672
165-15-3863,746-64-2068
199-58-8471,890-93-8834
688-53-3431,767-64-5317
127-21-5793,493-27-4279
133-37-9933,490-94-4666
651-34-1619,708-78-4072
369-34-3587,477-49-9312
346-34-1302,204-19-4294
863-14-6023,708-97-6764
289-16-1164,499-35-3103
895-44-2366,356-51-3140
722-19-1304,549-14-2182
168-19-5260,728-77-2755
936-14-3191,287-97-8030
557-53-3054,573-74-5639
857-19-2806,514-59-3967
138-34-5295,404-65-2806
770-53-4039,100-87-7241
835-87-4888,636-52-2170
526-97-6002,770-89-6491
148-13-8318,294-99-1494
783-51-8042,828-60-7286
487-95-7691,578-54-5331
634-33-7089,366-51-4355
466-81-6628,496-54-2942
833-69-9583,578-69-5582
598-83-8197,716-38-8201
898-10-8861,679-93-5062
987-62-1876,887-83-8660
689-51-8082,996-44-2389
685-52-3758,264-76-7687
172-98-7203,382-55-9156
676-66-9790,295-93-7857
850-84-2047,462-65-9525
353-92-5384,141-96-5582
968-71-8997,933-39-2832
616-61-8948,355-10-8928
567-18-4699,457-48-9395
777-31-5209,932-37-9274
836-74-5206,952-34-4331
137-24-2295,119-14-2316
887-21-3730,414-50-6522
405-86-3295,714-53-3896
332-91-4736,315-95-9672
390-42-4266,314-81-7992
814-88-6248,984-10-1919
854-86-4440,300-23-1420
913-13-9324,633-22-7614
688-49-6195,252-27-6882
755-91-5289,454-76-8058
740-80-2936,780-79-7524
231-89-2437,599-79-4165
664-58-3094,328-32-1647
542-97-4786,626-68-4465
321-71-6652,773-32-9637
291-59-9388,845-44-8369
762-12-8069,305-53-8704
700-39-7903,798-56-7817
217-42-2755,775-24-7945
150-23-3260,469-45-8541
238-75-9617,393-44-7830
420-68-1205,559-90-3328
213-65-7583,865-90-3712
833-36-1156,258-78-7580
402-54-5547,233-11-1910
108-60-3771,828-29-1809
883-16-2152,184-53-1288
462-19-2212,515-13-9549
842-30-4560,758-92-7348
795-27-9401,995-50-6521
686-23-7189,451-44-3542
257-10-7721,844-78-7030
159-94-1985,653-32-6836
434-69-7084,207-29-1651
905-79-8001,380-63-2502
706-41-6713,404-93-6531
706-71-5724,637-59-1803
506-77-8475,328-93-3665
911-34-2893,543-16-8307
986-46-3729,618-86-8984
645-91-1036,143-42-6932
623-66-7299,942-99-3338
338-56-7108,980-75-1271
797-67-3504,708-57-6201
396-35-5267,592-29-7045
351-35-9995,887-47-9849
893-21-7524,545-30-4659
586-54-7654,438-82-3619
156-54-7040,378-66-9993
322-40-8798,719-60-3272
375-72-6700,620-59-3208
795-80-1105,493-17-8945
702-70-2070,577-95-1587
168-46-8307,250-46-1803
869-98-4540,695-58-5286
662-88-8634,335-10-6164
230-67-6729,176-17-3603
944-64-5455,814-13-2694
176-22-9976,956-51-9547
765-76-8308,107-76-7364
366-13-5606,950-35-7822
662-28-1101,531-79-3491
454-20-2422,351-77-6669
349-22-2460,133-16-8400
206-98-1851,702-36-2031
651-50-9178,335-64-1911
726-24-4923,749-65-5894
123-42-4773,932-82-1509
702-74-3162,525-64-1593
832-65-8852,396-98-9589
467-45-2571,198-54-4495
686-22-9859,461-54-4979
852-94-4522,591-53-6972
848-33-2053,708-92-5934
746-35-3565,149-92-8376
747-95-3584,174-89-6396
544-58-3548,114-24-2441
748-85-1094,658-13-4954
543-83-9147,970-96-3630
763-29-7977,585-32-1280
742-23-5917,484-68-8269
596-28-3122,858-13-2243
376-19-5149,343-38-5631
835-98-8149,176-48-1098
862-64-9932,445-63-6008
571-91-3365,196-75-3615
109-64-3942,988-95-5438
853-28-3804,831-85-6242
892-52-6382,826-99-3020
171-43-2614,807-73-2054
613-67-9458,534-22-1356
933-33-8544,206-40-9944
605-21-2295,330-39-5432
781-87-9128,327-68-9886
715-21-9458,514-81-8816
204-97-1454,231-65-7956
663-86-4803,259-60-3404
109-87-6105,209-50-9274
584-31-6601,593-94-7230
558-31-5286,487-95-6781
823-64-7321,748-90-9355
999-63-6569,981-71-1556
572-64-9131,264-95-4839
155-83-9165,353-43-1683
736-63-3698,133-62-8868
868-91-6989,763-48-3671
845-19-8680,364-61-8146
218-80-7058,255-13-9967
651-51-7136,673-60-7765
153-30-8593,989-61-5872
399-14-4561,995-17-3813
548-84-7683,631-99-4155
624-13-3306,386-73-3752
613-73-3569,925-18-4335
967-79-4832,810-31-6948
951-44-8387,455-71-9750
225-60-4889,103-37-5371
423-34-6153,525-90-6575
250-97-2290,404-36-6980
380-27-8226,969-11-7857
471-48-5763,688-51-2818
796-66-2170,385-72-3797
536-78-3810,503-12-7430
646-68-3515,249-18-6863
935-29-4341,531-11-7330
527-20-4433,354-96-2962
304-72-2581,287-66-7828
574-87-5154,572-53-4438
946-80-4526,458-75-2871
712-15-2555,776-21-2501
309-33-1512,604-97-2953
231-66-3751,562-35-6542
739-75-5502,341-89-3170
715-55-2032,357-38-6570
813-25-2920,499-61-1447
216-25-9138,199-22-2520
981-95-6325,349-88-5459
876-52-2189,893-12-6014
907-47-2581,940-97-9378
697-42-7451,866-20-9540
697-93-2872,488-37-8581
904-15-9616,816-46-7602
194-87-2528,621-64-4060
973-11-7098,407-72-5775
379-34-9781,176-90-9302
378-15-4031,842-81-8552
808-56-8607,829-98-3543
753-48-4715,414-61-6699
694-44-5602,986-39-1359
467-85-4745,361-92-8621
967-34-4484,441-50-1367
862-20-6872,533-36-8140
917-99-6613,371-61-7963
588-93-4381,830-68-6372
695-51-9636,718-28-7110
507-95-1401,257-83-7281
341-17-8144,347-91-3270
818-98-7650,244-31-7190
935-15-8477,128-70-4820
557-44-8555,223-17-3760
618-34-4279,776-41-6660
372-50-4739,463-35-6426
981-70-8655,946-30-6009
510-52-7292,833-17-1583
664-95-1676,929-62-8995
125-82-7771,172-65-4421
354-68-7969,926-37-6803
663-82-9579,923-90-9576
602-60-8791,957-25-7843
727-22-9075,424-61-3319
651-54-2731,907-71-7356
790-82-6459,113-47-8138
266-90-9972,743-68-1628
659-98-2779,609-74-2126
938-58-8459,858-47-6087
439-99-3644,870-47-1419
323-89-3239,899-35-2324
955-11-2494,768-26-8234
454-30-9601,546-78-9901
184-93-5919,577-99-1066
565-89-2380,838-76-2396
546-14-9668,507-99-1265
993-41-1799,997-17-6662
668-90-7842,442-72-4438
541-93-2372,522-97-6620
841-57-3931,780-69-4972
134-35-8449,382-55-4558
849-90-1967,995-85-4251
702-20-1583,391-32-1868
305-72-6476,525-36-1775
431-13-5176,569-52-9447
758-56-5988,167-88-3223
588-60-3690,665-57-1092
720-85-8601,661-56-1041
447-78-6966,426-71-8759
732-68-7988,861-31-3833
644-20-3856,698-64-5568
710-35-7011,175-76-6105
638-46-7929,532-95-1611
184-67-7054,188-68-7505
392-92-6942,764-55-5536
635-92-1244,458-36-2638
168-37-3233,401-10-2279
985-99-4118,733-16-1138
607-51-1364,713-59-1845
501-13-8390,398-48-9049
493-16-2494,555-95-8986
848-93-7035,335-14-1716
909-94-1026,931-97-5643
939-94-2928,349-32-8248
106-92-8562,651-85-5880
752-35-9846,634-61-4471
762-83-1461,365-41-2909
471-19-7620,293-95-6741
652-11-7571,106-47-8941
151-42-4618,347-80-5348
697-45-3230,535-27-7195
424-47-8995,846-23-7436
481-92-9385,155-18-4922
629-21-9498,561-18-2187
387-46-8678,274-65-6548
233-25-5152,266-54-3451
932-38-9291,505-20-7010
134-71-2152,455-96-8911
763-86-7549,462-98-4834
815-22-5619,914-39-4250
735-84-2761,440-42-6562
940-85-9876,105-97-1972
229-35-8914,771-57-3533
144-85-4374,404-11-7663
180-95-4894,526-63-8545
144-98-6731,513-76-5810
118-59-4409,389-99-3634
343-17-9889,613-11-7369
591-20-7727,845-79-1621
972-86-5585,423-61-8899
110-37-2267,617-92-2921
303-82-7181,393-10-4315
215-82-3741,788-47-3061
936-95-4019,297-82-2514
233-53-8021,668-69-8182
655-68-7927,696-79-7850
497-30-8948,354-48-2895
883-77-3748,515-49-8072
979-18-1447,701-53-2936
880-34-9651,648-82-4688
591-84-2248,814-99-2166
409-61-4156,316-42-9692
855-85-4303,140-14-6145
545-16-5422,489-76-2479
313-95-6312,564-19-6420
156-67-8602,112-63-5715
101-94-7541,675-55-1649
113-66-6069,155-15-4225
191-79-5582,105-33-2000
150-70-7771,208-56-4909
109-77-4354,890-79-5127
849-16-5907,465-52-4092
318-63-6621,976-96-5986
240-25-6645,214-80-5561
187-93-1376,497-91-2673
278-33-8525,990-48-8469
127-66-1566,913-78-6553
463-57-7313,799-35-6630
571-70-3594,966-48-1098
345-69-9024,590-89-5890
333-53-3660,661-51-7216
728-66-4078,148-71-4411
638-93-2185,116-81-4422
626-78-2279,324-44-5631
977-65-1955,594-69-5056
982-42-9471,165-66-7926
319-92-1041,231-91-3947
243-49-6284,991-42-8887
564-73-7290,434-71-8811
908-40-1586,768-76-9552
216-88-7543,213-94-3566
834-82-3737,543-93-4456
658-94-4187,430-24-9586
398-79-8299,621-78-8320
771-88-4474,308-88-7149
220-84-1309,364-13-3114
428-25-2936,312-27-1183
424-21-4476,119-11-7703
437-38-6552,148-48-7132
722-54-7585,195-92-7029
523-41-9590,198-45-3728
479-83-8593,800-85-8571
193-41-9167,645-87-3010
823-69-2863,957-58-5646
267-44-7699,248-54-3107
344-67-6863,842-88-1175
405-97-8818,852-52-9643
399-17-9826,588-28-8810
287-88-2676,731-85-9781
329-56-8880,701-98-4973
111-20-2454,506-75-7534
891-32-4250,467-35-8573
463-83-1419,732-99-7344
518-52-3353,901-95-2917
446-50-4728,337-95-9269
800-89-9674,268-23-3947
519-31-6821,804-31-4114
937-31-7105,964-65-1765
780-57-2699,326-34-8335
151-82-9763,523-63-6053
576-17-3602,826-45-4340
665-66-7102,372-41-4386
133-16-7876,696-46-1720
498-14-6945,402-13-8142
967-28-5853,329-17-6252
446-36-4899,958-71-1533
774-33-5445,507-73-3724
534-74-1377,972-72-8542
244-90-1762,549-45-7528
769-32-7556,934-28-8065
846-88-3690,595-74-4629
885-74-7838,288-11-8567
142-38-1429,416-44-2265
940-75-6823,624-39-7962
732-36-2796,161-24-9639
602-89-4121,748-72-7692
416-38-8476,793-14-2896
561-20-9350,523-49-8062
627-34-7968,370-58-8114
841-97-5251,531-49-7642
123-23-7128,586-67-2918
489-72-6121,256-14-8093
490-15-2721,577-34-6504
860-51-4208,317-13-9628
220-86-5691,494-97-1917
445-51-7542,993-86-4676
745-99-9379,826-25-9404
515-95-5233,402-67-4752
614-53-9445,649-75-6843
367-88-4680,825-44-6940
667-52-4332,478-48-6238
699-79-2496,228-56-2013
532-83-6614,486-96-8506
488-81-6429,241-75-8911
503-92-2981,137-36-7180
773-10-3990,935-16-9667
269-24-6433,156-56-4613
126-49-3338,130-43-8712
547-72-2410,608-18-7578
455-55-2886,264-38-7136
140-84-6150,348-64-4356
880-31-9627,794-22-5545
712-72-2957,610-22-2313
807-37-1141,661-87-9282
625-62-5697,590-83-9647
572-58-3232,841-28-6226
512-26-5707,921-36-6751
775-45-7383,339-81-7995
578-97-8249,223-42-2836
688-63-7364,678-78-7544
327-32-9815,691-12-4694
442-23-6143,462-64-5967
145-48-8020,535-57-9696
753-76-2577,611-24-5103
232-47-8073,401-87-3754
132-39-9967,191-31-9897
918-50-3938,792-29-8264
307-33-1198,716-48-9650
743-56-3702,189-97-4513
798-67-4236,991-96-5537
493-22-9684,497-82-4078
178-38-9753,673-27-7053
124-36-9101,927-56-2421
852-43-2405,235-22-2609
935-48-4286,310-82-4205
352-72-7400,716-75-7686
316-11-8928,268-51-4834
220-15-8327,484-72-2729
399-88-6886,602-34-3695
905-61-6168,578-22-1580
702-42-9736,937-80-6289
908-92-9473,234-35-9551
362-78-5752,706-54-2660
518-88-3601,632-32-3524
826-30-6944,932-75-1952
467-73-9949,813-38-2401
997-62-3727,527-79-5977
135-33-5740,642-93-7975
211-17-9721,308-40-1445
386-94-1617,354-12-1673
193-97-9495,185-72-3132
710-88-1969,157-88-2525
232-36-7059,690-80-7376
618-31-2780,858-85-8640
435-80-8094,914-99-1750
317-15-1562,108-68-9523
125-77-8694,695-71-3581
952-68-6141,110-30-9775
488-36-1657,730-40-7352
548-95-2994,397-26-6433
932-25-2195,560-29-5150
607-28-6787,192-28-1076
500-51-1544,448-99-3450
926-50-2414,699-11-7282
842-90-7104,231-35-3520
211-89-2350,813-98-5107
620-28-6137,153-54-9010
921-79-8363,868-93-7407
353-97-7747,659-85-9052
559-73-1757,333-83-5276
207-74-8779,455-86-3000
835-13-8768,612-49-9034
428-55-6022,706-49-4203
474-85-3363,147-41-8945
142-54-4983,367-34-7655
178-77-1327,125-47-1470
650-56-3610,691-72-7619
857-98-2494,292-48-1917
993-10-4043,758-64-1327
478-89-4960,371-23-9338
832-99-4424,923-33-9521
109-54-1581,340-78-3476
256-56-5217,436-82-6663
772-68-7163,132-42-8820
460-97-3432,324-20-1808
410-94-4857,607-43-5053
489-20-1152,377-47-1767
120-66-4108,564-24-3299
608-14-2015,464-14-4460
393-46-9792,389-95-4967
820-96-3140,289-38-4756
324-75-3504,662-51-6112
812-19-1645,459-38-7810
955-62-1987,635-83-1130
934-72-6668,617-32-5207
917-12-7149,165-51-6540
700-97-9904,121-95-7656
375-65-9291,705-33-6470
357-88-2246,847-41-4437
520-95-5892,548-80-8767
113-91-9616,265-25-3979
916-83-7041,382-25-8476
678-48-4414,268-76-1253
127-41-1108,121-47-7083
171-50-7205,109-95-5387
489-74-7096,915-46-3034
780-94-9041,186-65-4192
671-84-5339,189-59-8158
150-70-6538,796-69-8393
467-63-4153,269-55-2520
715-16-3460,725-16-8785
556-67-6890,682-66-3276
180-25-5068,591-64-2063
985-88-1177,467-78-6143
339-90-9449,141-69-7127
887-83-8157,463-79-5664
138-45-5578,604-64-9401
236-87-1456,577-45-3646
408-37-3060,396-39-7674
134-41-8520,884-66-7457
387-76-4832,180-55-4699
891-23-6325,951-14-3054
259-53-1389,624-13-8893
739-12-3983,621-57-7209
213-91-8679,425-23-7379
550-51-3956,743-85-7422
892-16-1191,740-76-2016
290-98-7378,484-14-7204
130-49-8032,335-10-9363
811-73-1265,762-59-8884
208-82-2745,467-89-9137
960-60-8889,842-39-9319
586-37-1794,625-81-9878
556-44-1981,197-58-7909
804-87-4961,451-33-1365
108-21-1482,655-29-4827
843-31-6944,807-65-1914
445-42-4452,644-70-1536
952-30-7750,605-92-2059
343-76-4955,638-73-5963
967-85-1521,368-35-4650
183-26-1353,686-14-2545
899-66-5467,103-46-7832
127-17-3409,785-38-1496
588-25-5546,719-99-3320
810-15-3949,187-97-5794
141-77-1975,202-88-9696
925-22-1380,703-88-1222
329-58-7874,936-56-3100
317-25-8767,738-57-6703
330-25-2299,666-15-5201
220-98-2718,243-81-3076
838-90-1526,850-94-6063
235-30-5894,794-31-2009
876-58-9540,799-63-6122
567-11-1450,991-83-5896
228-38-5204,495-32-4957
792-83-9749,476-89-8024
599-77-8218,361-61-7901
391-84-9169,136-82-5157
993-74-5640,792-26-2725
163-50-8349,686-52-3296
283-42-7299,984-52-5579
151-18-5983,765-62-7195
483-13-8008,914-92-1223
325-93-4850,697-10-9868
449-44-8277,381-77-9843
809-78-8555,105-78-2669
755-28-7626,818-15-7541
682-37-3409,133-29-1599
504-18-9344,373-48-2796
844-30-6499,562-37-1895
649-12-5873,987-82-5639
976-54-7715,606-58-5490
265-81-1143,892-13-9034
682-69-5763,410-69-9267
855-21-8160,547-55-1184
392-43-5513,706-46-7549
695-71-1580,245-75-6658
515-63-3667,208-51-4658
860-57-1147,755-34-9393
653-61-1786,699-77-4782
367-59-5531,839-36-2503
398-28-8275,974-79-7416
394-84-7918,938-16-7104
583-74-3067,253-47-2763
557-28-6478,765-61-5445
560-57-9601,951-94-4766
906-19-3948,378-89-5883
723-53-4650,599-30-6973
787-74-3281,607-64-6028
465-19-5593,854-54-4348
653-38-6559,347-59-2939
917-60-4734,401-27-3577
242-30-1270,604-88-7997
310-52-8272,270-52-3525
991-60-1230,919-76-2937
797-82-6260,343-61-1281
868-61-6033,391-77-8028
711-20-6693,856-22-5448
795-80-4839,119-68-6736
456-45-8904,128-78-2141
326-40-7770,958-30-6743
509-70-5669,746-73-3488
840-12-9856,996-28-2034
918-45-5526,173-79-3920
991-18-1317,794-14-1456
956-73-4127,512-16-1921
418-57-5446,620-94-7892
639-48-4381,276-87-9274
832-57-9134,138-57-9768
521-56-2456,334-78-1359
386-47-6024,484-38-8718
809-82-3006,318-31-2641
830-80-3748,918-12-4855
713-88-1530,189-86-7141
220-91-9166,839-95-8426
612-84-1398,355-76-1282
286-42-8608,810-79-5085
617-64-6372,252-91-3889
823-74-2130,652-56-9227
114-74-5264,207-61-3849
520-42-4306,802-95-5975
138-51-9012,867-32-6246
782-52-7099,880-18-4065
772-26-6662,210-23-2076
827-76-3598,790-81-9979
384-14-8499,431-25-6794
491-25-4809,423-20-3242
623-14-4837,647-70-1684
314-59-4475,231-25-7534
223-46-6346,320-35-1970
525-26-5617,291-48-6537
412-85-6339,968-95-8591
218-44-5174,599-86-6444
713-28-1272,811-53-6059
422-16-4301,690-16-7661
559-75-6825,178-29-2961
630-13-5379,514-19-3243
385-98-3878,322-40-3827
838-56-7133,207-41-4525
355-67-8607,232-35-5354
969-89-9896,639-55-7978
983-63-5856,989-16-5532
110-33-4579,127-60-5573
492-34-7878,674-24-2562
818-23-2064,424-48-4397
990-72-1334,300-38-7140
395-76-3214,928-92-5857
585-11-5462,787-51-5294
640-49-1694,744-61-7481
594-64-5987,908-84-6041
754-16-8436,779-33-5432
724-96-7668,753-77-2261
825-81-3536,402-95-4736
646-15-7280,461-93-9606
301-26-9910,712-80-3086
777-23-5121,363-58-7118
270-74-4509,745-29-9038
541-47-3436,457-25-2936
129-15-9148,296-97-7509
793-55-3299,793-11-6694
822-97-4809,319-91-6017
907-24-9493,154-88-6940
272-59-3666,297-88-4306
435-73-7477,405-77-8603
555-66-4282,799-22-4888
786-25-1628,471-26-7150
855-57-8192,328-18-9619
924-17-5999,359-77-4753
277-29-4830,517-74-7010
457-94-9348,381-67-5219
153-25-3059,750-56-7611
309-63-1257,496-15-7964
329-73-9040,338-74-9827
249-16-8367,478-55-5904
433-87-2120,365-15-9963
584-24-1374,985-33-5219
298-72-3593,669-24-9978
712-55-2546,217-68-8317
763-35-7591,863-71-3552
241-29-3356,746-49-9649
576-45-9513,129-53-4015
381-54-3151,869-95-4810
682-24-2830,370-38-9990
174-72-1483,252-50-9288
733-78-2795,552-51-7492
879-84-1987,959-56-8430
448-21-7306,550-55-7925
479-56-4647,180-65-8026
374-80-2833,259-57-9246
357-31-8693,359-37-3238
987-22-3724,935-86-5626
489-62-3073,475-35-9750
957-91-1455,501-96-5151
462-99-4738,978-76-8628
249-49-1492,696-43-7199
622-38-2761,490-24-4734
303-55-7967,878-56-8719
579-50-7306,282-83-2425
501-20-6678,832-85-5189
650-99-2214,191-25-3283
104-62-4864,457-60-8584
305-16-3263,799-84-4390
828-66-9172,220-69-1067
241-85-9223,268-91-2019
409-42-8835,446-53-4063
186-39-7959,599-67-5025
545-85-4328,486-22-2874
952-88-4512,671-57-7410
725-97-2626,634-10-1443
407-20-1496,600-78-3762
277-27-3604,903-29-8141
353-11-8123,733-66-7836
779-70-7715,527-19-5820
546-75-8265,220-81-2288
732-86-2286,978-95-8681
676-68-6225,283-42-6993
810-92-7077,526-62-7880
399-43-5173,996-50-2444
893-61-6702,111-90-1122
924-60-5989,248-15-3711
167-17-8919,497-43-7613
583-59-4048,637-19-4256
140-85-8240,960-61-8742
403-14-1036,239-56-1107
400-56-4297,904-25-3490
605-44-8107,996-10-8719
425-76-6143,171-46-2933
671-76-8778,504-99-5536
877-43-7956,634-42-8472
508-63-3608,261-45-9835
678-29-4036,134-63-7163
355-28-8625,456-72-5477
211-97-4356,510-65-2953
605-76-4942,768-60-8674
388-84-2985,448-69-2374
384-10-3024,183-54-1173
915-28-8482,839-19-7162
934-12-1828,116-23-4146
343-72-5933,153-76-7986
662-68-7586,262-62-9753
305-18-2586,234-54-4456
358-43-3318,866-90-1431
289-77-1672,388-20-9672
401-14-8466,680-40-7354
872-68-3525,398-16-4576
978-39-6236,951-71-5464
179-53-3811,491-99-6990
800-75-6330,128-54-8818
677-52-9224,112-23-4277
533-77-4635,210-18-9329
598-25-7844,668-77-1581
556-40-4362,839-84-7705
426-44-4325,998-72-1943
814-53-8519,259-63-7202
126-34-2014,193-30-5736
719-89-3467,242-14-7821
142-37-5977,256-81-1973
641-26-2332,743-46-7326
402-92-1565,268-47-5968
267-22-6732,703-57-1741
838-29-3748,846-69-4889
972-91-9251,125-60-9170
160-75-7829,981-92-9823
418-35-7363,720-71-1187
925-66-7424,345-73-2026
921-95-9710,101-72-8233
406-36-2496,763-99-7147
370-79-7082,789-74-3504
166-33-8903,944-73-2057
264-89-2917,227-67-7128
929-71-5207,278-65-5278
897-50-9102,179-60-8209
126-27-2940,665-35-3040
225-78-9956,229-67-6207
490-37-3950,672-49-9672
472-43-3199,643-78-8710
404-12-6673,406-96-9890
917-82-6321,666-85-6777
997-31-6591,956-88-6646
207-85-8371,251-95-4922
230-17-6008,794-49-8326
959-43-8061,569-52-3193
718-40-7193,862-42-1377
654-54-7108,181-65-6676
275-23-8061,878-78-2416
590-47-3727,643-63-6115
403-66-8265,245-36-1432
825-95-9436,832-94-2601
201-42-4006,142-61-1508
313-84-4675,558-55-7497
237-77-5295,143-57-8114
406-11-4584,957-75-4702
899-68-4486,566-51-7683
522-59-7429,155-77-2826
499-26-2208,198-31-9594
386-39-4400,317-95-7944
553-82-3670,380-88-9981
574-47-5682,767-88-7849
963-56-1196,104-19-7374
897-71-3438,937-49-5084
646-54-6739,202-86-9198
564-39-8840,606-23-6307
177-81-5047,176-36-9552
447-70-9889,957-54-7128
151-24-4544,423-75-7302
509-40-9183,263-77-4139
816-59-9261,869-26-6731
609-28-7991,990-74-8974
388-95-7107,760-79-5591
634-68-5496,125-67-5499
285-27-8098,291-90-2910
952-28-3320,121-82-8598
670-67-2621,871-36-1879
552-17-6776,978-12-5556
175-33-9338,392-89-3947
968-19-4283,853-59-6709
544-14-5662,802-76-5288
955-51-3133,948-37-5499
313-90-5114,168-26-5415
345-28-7543,121-81-3095
992-41-4750,630-53-1868
578-34-9463,417-70-1226
160-80-4144,747-43-5609
987-55-9399,795-38-4115
281-96-7168,187-73-1850
753-87-8760,632-91-1069
723-16-8639,462-59-9197
387-92-4047,841-65-5155
100-36-3596,749-93-1108
282-64-4010,287-47-3155
788-83-3169,746-92-7128
288-41-5022,988-26-8756
692-30-6939,319-88-6519
173-64-5630,894-49-2943
904-77-6265,463-92-8799
660-93-9493,801-13-1634
272-90-4630,267-50-6841
752-42-2333,921-78-8692
124-16-1240,659-84-6630
756-28-6692,437-11-6639
533-15-2165,224-45-3497
942-80-9223,508-28-8832
301-61-1807,919-44-1959
258-76-6306,916-20-4110
931-12-8693,853-30-6845
260-73-9288,230-34-1052
162-25-7077,425-44-8556
736-57-6058,316-88-1855
472-23-7553,259-88-9207
656-37-8601,393-19-6923
569-21-1492,952-27-9835
910-85-1819,664-66-4080
503-44-7205,280-71-2498
907-99-1072,238-84-1401
447-94-4009,543-28-7126
487-97-3297,251-74-7489
417-27-9745,962-29-2733
380-81-3519,200-75-4204
190-20-1987,565-15-2537
554-73-5719,645-30-1758
990-35-5658,981-68-7928
671-13-8889,578-19-6575
106-75-2036,649-39-6468
352-16-4886,421-70-9376
845-23-4505,146-37-3990
489-50-9270,138-14-1342
851-28-6055,593-45-9576
784-18-3298,868-87-3549
100-67-6804,830-32-2131
803-26-9379,166-69-4079
501-49-9875,650-17-2078
331-58-8153,850-67-7808
565-49-7753,665-38-6093
705-41-3304,299-71-7903
483-93-7685,454-43-2802
167-40-7488,339-50-4976
703-72-4888,742-20-8985
997-31-9262,287-35-7701
995-61-8646,822-28-7358
541-70-8461,929-56-1333
589-88-4998,591-71-5243
475-83-6115,915-73-8309
886-36-4534,583-15-4785
992-93-1577,601-31-7153
516-79-1464,239-48-1740
759-89-9897,469-90-5817
974-50-6735,806-20-8949
132-82-8036,301-30-1095
187-76-3256,118-83-2213
520-94-3970,162-94-7488
321-49-8498,565-11-2002
219-56-7013,105-44-1100
882-91-1367,246-88-9663
965-38-5360,253-80-4047
312-46-3192,221-95-2678
399-26-6354,848-75-5618
403-24-9798,211-76-1332
291-81-7893,577-63-1440
252-81-5329,306-27-4589
284-33-3614,854-23-2165
445-11-1710,218-16-2258
526-90-9805,258-58-5919
565-20-6386,912-37-2649
476-86-8597,719-97-6182
977-37-6600,119-92-3685
774-57-1623,746-61-3675
397-77-9823,528-53-7880
373-89-2565,887-78-9034
259-93-1397,115-54-8438
785-32-5754,291-20-4811
808-44-7848,392-17-5344
779-72-3601,427-17-1449
331-52-9917,890-17-5456
585-72-2670,480-92-2052
902-20-6053,874-68-5921
983-43-8286,785-12-6255
102-15-9324,886-54-1106
924-60-9566,522-88-1242
812-60-7824,443-27-9662
954-25-5756,935-66-2575
843-16-5058,733-88-7802
786-14-2613,845-63-3412
116-97-3682,798-34-8213
844-34-8392,512-91-9681
796-11-6116,983-92-6139
199-60-3215,149-22-4125
671-14-4742,280-81-9352
421-34-9477,674-44-3893
865-52-1955,832-12-8470
211-26-3342,561-41-6568
997-21-2942,407-38-9945
772-15-4764,670-45-2192
546-57-6991,815-72-4121
695-30-7050,561-68-6953
823-81-8266,316-42-8794
999-62-6447,931-84-4021
273-72-1465,316-58-2163
987-98-9749,140-64-1702
945-87-8882,227-47-4066
100-71-9716,357-22-4523
845-70-5919,579-52-9517
977-19-5352,204-25-6303
320-94-6723,533-43-3752
228-59-5422,324-87-4755
286-99-2529,479-54-4721
884-43-4985,526-16-4971
823-66-4250,916-11-8024
946-82-6026,174-13-3089
212-69-5995,636-81-6780
856-49-1707,661-28-9972
290-29-9660,102-82-4450
984-38-4418,130-92-6010
716-92-6576,254-16-8196
658-62-4858,132-76-6371
388-43-3559,236-38-7376
828-25-6607,217-54-4287
756-58-8977,497-27-5664
347-70-4723,435-92-2218
424-71-5733,252-87-4109
300-76-1550,735-56-9646
611-52-8383,944-53-3445
238-80-1667,790-86-6411
940-57-5741,950-15-7541
838-99-6723,360-89-7416
990-40-4012,233-17-3978
900-32-4343,963-59-2395
378-85-3942,588-54-6712
612-78-4621,357-46-6805
864-65-8457,828-21-6538
377-36-4473,953-67-1852
374-87-9653,860-28-3156
203-40-8471,595-20-4110
498-91-4274,229-56-8445
848-64-5668,356-12-2542
138-76-8601,402-83-1628
551-43-4696,249-87-4199
260-24-8833,571-51-2816
971-93-9331,897-77-8261
633-98-7031,843-85-9589
626-37-2086,240-26-3289
595-14-4655,908-73-3408
391-69-7247,255-20-4620
419-77-8333,215-48-1605
619-16-3505,561-66-8074
862-94-2929,842-93-4771
810-27-7209,724-33-4918
856-84-5262,226-31-9577
416-93-9186,367-97-7842
580-75-6880,770-35-6622
457-22-1726,466-75-7325
650-21-6063,558-18-1409
587-26-9280,837-10-4296
251-96-6844,624-20-1920
632-65-7503,949-30-5741
954-37-1623,286-50-7727
348-50-1870,340-87-9762
761-47-2547,487-33-5223
610-34-8024,668-57-5262
597-90-3167,120-41-2062
840-18-6563,537-66-7138
115-59-1251,498-17-2569
799-19-6654,280-69-5896
644-54-1801,127-47-5747
344-91-3592,867-16-9534
143-21-2837,402-86-6602
791-30-7555,701-13-8488
466-27-9135,536-53-9768
922-57-1871,366-91-2730
622-18-1003,796-73-8425
678-56-6223,913-44-8420
148-29-4512,801-51-8720
921-61-1333,856-22-8356
199-66-8824,375-63-2301
234-60-8460,984-61-2130
546-90-7609,981-25-9258
971-45-4494,326-17-4893
692-95-5494,952-42-7540
529-92-7312,698-24-7652
606-96-5880,701-18-3941
787-55-5382,268-81-5119
933-57-6974,923-76-8298
763-23-9185,880-42-2309
846-55-3614,100-72-6285
987-61-4660,306-16-1003
872-89-4432,867-65-7028
551-63-2178,628-77-3924
257-31-4498,609-94-5371
334-56-2436,942-52-3323
791-55-2617,869-88-4672
468-42-8813,904-88-4337
296-77-5430,240-67-9833
845-74-3271,511-65-3187
142-63-5308,820-11-2842
395-22-7840,128-63-9961
689-18-1870,814-95-8381
162-95-2002,119-48-3965
108-22-3118,298-38-2306
998-45-8776,986-91-6665
140-57-1495,983-23-7646
421-11-2124,337-73-6661
678-80-8012,568-83-2082
652-47-3990,393-18-4277
564-18-1403,115-79-9412
406-48-8989,983-30-8038
715-68-4077,303-20-4307
411-21-3780,290-90-9945
511-96-8150,724-52-5571
790-39-9501,312-23-1748
884-46-4814,800-62-3178
681-39-9653,164-52-4821
501-86-9500,578-62-3181
139-52-9149,417-38-7243
597-55-5842,900-23-4582
396-97-5353,983-52-7627
428-57-1348,435-57-6715
699-48-1665,865-73-7318
178-60-5569,919-51-4106
605-79-3958,392-48-6270
539-28-3618,978-45-4510
149-95-7733,928-10-3377
698-42-2274,307-56-2771
337-25-1766,435-91-4132
532-73-6664,421-14-5204
319-62-8258,437-34-1973
810-44-2600,198-82-6293
763-90-9291,222-84-5728
123-71-1011,960-18-8257
235-84-3888,593-46-4852
999-92-6319,645-42-2194
177-50-1508,703-21-1944
409-23-2344,393-93-8463
769-35-6818,584-32-9094
135-67-2683,283-54-6262
405-71-4201,994-21-7688
337-77-3667,843-24-2352
354-30-3872,573-53-5110
607-92-9992,705-47-8674
612-68-9447,570-32-8393
796-32-1222,482-27-6265
634-55-5677,685-75-8134
360-26-7558,997-28-7808
404-48-3742,182-44-5818
574-16-6866,654-53-6678
308-92-2682,288-84-1667
340-41-2329,889-53-1951
926-77-2039,942-32-6064
465-66-4098,811-78-2430
229-69-1385,175-45-1810
914-69-6648,470-64-4554
389-65-4188,551-92-1980
557-24-4089,237-86-1737
864-91-2524,741-42-5849
809-58-4199,533-10-9270
101-62-3248,704-32-8640
967-97-2238,572-90-9411
536-33-6864,347-31-9297
808-14-8485,354-62-4236
544-50-5349,405-89-6467
886-69-1731,382-77-1523
970-41-4108,247-99-1789
171-91-4833,283-46-8071
160-94-6840,515-54-5185
744-93-2505,967-95-4576
855-78-2619,649-65-7145
